t_ms,grf_L,copx_L,copy_L,grf_R,copx_R,copy_R,L0,L1,L2,L3,L4,L5,L6,L7,L8,L9,L10,L11,L12,L13,L14,L15,L16,L17,L18,L19,L20,L21,L22,L23,R0,R1,R2,R3,R4,R5,R6,R7,R8,R9,R10,R11,R12,R13,R14,R15,R16,R17,R18,R19,R20,R21,R22,R23
0,129.069,0.5885,0.2601,349.345,0.3566,0.7578,25.899,39.690,6.441,23.005,4.597,3.507,2.834,2.509,3.417,4.116,2.306,1.293,2.343,3.855,0.730,0.000,0.607,0.449,0.164,0.080,0.151,0.445,0.388,0.241,2.695,1.893,1.099,1.057,1.545,7.042,2.258,1.741,6.628,7.582,4.319,1.421,4.528,7.598,11.403,24.971,22.936,9.987,3.740,59.071,75.067,53.347,26.618,10.800
15,125.055,0.5940,0.2522,346.966,0.3560,0.7593,25.211,40.085,6.133,22.287,4.957,3.191,2.816,1.804,3.551,3.346,2.314,1.136,1.864,4.494,0.000,0.000,0.377,0.579,0.342,0.289,0.221,0.056,0.000,0.000,1.984,1.472,1.740,1.769,1.659,6.859,1.873,2.188,6.258,7.064,4.471,1.571,4.045,7.061,11.216,25.066,22.323,9.606,3.796,58.032,75.811,53.940,27.002,10.161
26,124.635,0.5930,0.2488,351.249,0.3565,0.7562,25.249,39.865,5.388,22.719,5.315,3.884,3.003,2.560,3.468,3.492,1.746,0.372,2.061,4.139,0.605,0.000,0.000,0.733,0.000,0.000,0.000,0.036,0.000,0.000,1.851,1.587,1.748,1.565,2.426,6.950,2.218,2.398,6.976,6.953,4.653,1.878,4.989,6.926,11.396,24.904,22.887,10.653,2.740,59.571,75.054,54.232,26.114,10.577
43,125.706,0.5920,0.2526,346.348,0.3561,0.7598,26.297,39.923,5.363,22.210,5.184,2.962,2.353,1.802,3.498,4.158,2.576,0.725,2.836,4.265,0.449,0.000,0.446,0.000,0.000,0.000,0.000,0.504,0.000,0.156,2.237,1.772,0.692,1.545,2.170,6.476,2.166,1.905,6.480,6.923,4.592,1.151,4.697,6.817,11.328,24.966,22.866,10.355,2.098,58.872,75.225,53.759,26.489,10.767
57,196.888,0.6190,0.4192,346.946,0.3563,0.7575,14.800,22.978,5.887,13.963,7.045,12.162,4.854,6.356,19.133,13.688,8.979,3.762,12.233,21.329,2.211,3.593,2.644,2.794,2.825,2.672,4.806,4.961,2.648,0.561,1.985,1.987,1.304,1.506,1.914,7.079,2.262,1.837,6.581,7.374,4.190,1.976,4.377,7.059,10.656,25.439,22.813,10.275,2.640,58.155,75.242,53.503,25.718,11.077
71,196.278,0.6180,0.4182,0.197,0.3025,0.5292,14.308,23.085,5.702,13.278,6.554,12.134,5.305,7.255,19.786,14.830,8.947,3.314,12.099,21.179,2.084,3.162,3.777,1.871,2.773,2.566,5.040,5.047,1.580,0.605,0.024,0.000,0.027,0.000,0.000,0.000,0.000,0.022,0.000,0.040,0.000,0.000,0.000,0.014,0.014,0.000,0.000,0.000,0.000,0.025,0.000,0.021,0.011,0.000
84,197.823,0.6178,0.4212,0.275,0.4258,0.5893,13.829,23.139,5.394,13.310,6.591,13.412,6.089,6.193,19.623,14.642,8.679,3.837,11.819,21.891,2.157,3.143,3.334,2.207,2.645,2.089,5.555,5.271,2.465,0.508,0.008,0.016,0.015,0.000,0.012,0.015,0.000,0.028,0.000,0.000,0.001,0.000,0.000,0.000,0.030,0.003,0.015,0.038,0.029,0.000,0.021,0.000,0.024,0.019
96,199.744,0.6177,0.4191,0.281,0.3899,0.5376,14.274,23.152,6.342,13.595,7.371,13.477,5.419,7.178,19.199,14.686,8.438,3.304,11.984,21.755,1.676,4.444,2.780,1.622,3.018,1.936,5.097,5.370,2.803,0.824,0.000,0.000,0.018,0.022,0.000,0.000,0.027,0.030,0.029,0.017,0.003,0.001,0.030,0.000,0.000,0.011,0.018,0.016,0.000,0.010,0.033,0.017,0.000,0.000
112,198.297,0.6166,0.4219,0.206,0.3816,0.4823,14.814,22.802,5.905,13.772,6.306,13.119,5.168,7.005,18.975,14.358,8.174,3.447,12.215,21.824,2.578,3.181,3.660,1.228,2.860,2.206,5.409,5.647,2.816,0.827,0.013,0.004,0.000,0.010,0.015,0.027,0.000,0.021,0.000,0.010,0.000,0.028,0.032,0.006,0.000,0.000,0.004,0.000,0.000,0.010,0.023,0.000,0.000,0.002
126,198.489,0.6179,0.4238,0.224,0.4169,0.4523,13.484,23.358,5.822,13.529,6.588,12.919,5.316,7.108,19.133,14.858,8.336,4.139,12.336,21.136,2.329,2.957,2.759,1.839,3.035,2.505,5.287,5.762,3.172,0.783,0.000,0.000,0.034,0.033,0.009,0.028,0.016,0.010,0.018,0.000,0.000,0.013,0.004,0.000,0.000,0.000,0.000,0.005,0.021,0.000,0.000,0.000,0.000,0.031
140,428.681,0.5906,0.7075,0.169,0.4300,0.4991,6.095,10.467,3.377,5.923,4.050,9.805,3.298,3.810,12.476,10.586,7.708,2.544,8.409,14.513,7.574,25.579,31.695,19.951,7.147,35.581,58.781,63.922,48.465,26.925,0.000,0.000,0.015,0.027,0.000,0.008,0.000,0.008,0.025,0.000,0.002,0.028,0.000,0.000,0.000,0.000,0.000,0.032,0.000,0.000,0.010,0.000,0.015,0.000
154,429.155,0.5915,0.7075,0.135,0.3476,0.5794,5.984,10.146,3.819,5.516,4.066,9.574,3.122,4.535,13.347,10.265,7.200,2.177,8.242,14.822,8.470,25.107,32.526,19.261,7.424,34.962,59.237,63.415,48.583,27.355,0.000,0.005,0.000,0.000,0.000,0.000,0.000,0.007,0.010,0.054,0.000,0.000,0.004,0.000,0.010,0.000,0.006,0.015,0.000,0.000,0.000,0.000,0.000,0.024
168,429.879,0.5905,0.7066,0.233,0.4143,0.5536,6.511,9.542,3.926,6.681,4.240,9.496,3.709,4.896,13.082,9.626,6.952,2.205,8.584,14.247,7.988,25.405,32.490,19.681,6.029,35.400,59.640,63.905,48.544,27.100,0.022,0.000,0.000,0.000,0.000,0.026,0.000,0.013,0.018,0.008,0.011,0.005,0.032,0.000,0.010,0.000,0.000,0.010,0.032,0.016,0.000,0.014,0.000,0.017
182,428.326,0.5907,0.7065,0.227,0.3691,0.5928,6.293,10.009,3.729,6.131,3.366,9.310,3.693,4.771,12.511,11.080,6.612,3.302,8.138,15.312,7.762,25.042,32.727,19.657,6.604,34.634,58.897,63.866,48.329,26.551,0.000,0.003,0.001,0.028,0.000,0.023,0.011,0.026,0.000,0.000,0.005,0.000,0.000,0.000,0.026,0.000,0.010,0.012,0.014,0.008,0.038,0.000,0.000,0.024
195,428.626,0.5903,0.7060,0.228,0.3860,0.6068,6.096,10.413,3.343,6.183,4.083,9.793,4.023,4.411,13.273,10.507,7.051,2.390,8.196,14.309,7.728,25.706,32.555,19.433,6.377,35.344,59.496,62.904,47.844,27.168,0.000,0.011,0.010,0.000,0.000,0.000,0.010,0.006,0.014,0.015,0.000,0.033,0.000,0.000,0.032,0.000,0.000,0.029,0.011,0.000,0.029,0.000,0.025,0.005
209,429.657,0.5898,0.7056,0.071,0.4147,0.5199,6.631,10.764,3.205,6.590,3.196,10.357,3.946,4.426,12.977,10.988,7.294,2.306,7.479,14.851,7.508,25.290,32.293,19.167,6.557,35.783,58.724,63.388,48.207,27.729,0.000,0.000,0.000,0.000,0.005,0.000,0.004,0.001,0.006,0.000,0.017,0.000,0.021,0.000,0.010,0.000,0.000,0.000,0.005,0.000,0.000,0.000,0.000,0.003
226,429.459,0.5903,0.7060,0.164,0.3162,0.6075,6.396,10.342,4.288,5.642,3.447,9.777,3.664,4.845,13.018,10.229,7.657,2.011,8.665,14.562,7.754,25.434,32.260,19.496,6.759,35.156,59.071,63.868,47.928,27.191,0.010,0.000,0.000,0.015,0.000,0.000,0.000,0.007,0.000,0.000,0.014,0.016,0.000,0.007,0.046,0.000,0.000,0.004,0.000,0.001,0.021,0.023,0.000,0.000
237,429.620,0.5889,0.7042,0.188,0.4334,0.5078,7.864,9.365,3.900,6.481,3.779,10.084,3.531,4.757,13.385,11.127,7.090,2.937,7.858,13.930,7.814,25.180,31.796,19.742,6.209,35.299,58.493,63.514,48.567,26.917,0.000,0.038,0.000,0.015,0.000,0.000,0.023,0.020,0.000,0.000,0.000,0.015,0.000,0.000,0.000,0.021,0.000,0.005,0.000,0.013,0.000,0.001,0.006,0.031
251,345.363,0.5445,0.7609,0.131,0.4654,0.5046,1.176,2.407,1.563,1.713,1.810,6.842,1.554,1.356,5.927,7.233,4.821,1.837,3.534,7.168,11.670,25.279,21.926,9.124,3.026,60.698,72.313,51.472,28.895,12.020,0.000,0.000,0.000,0.000,0.027,0.000,0.000,0.000,0.007,0.013,0.024,0.000,0.025,0.000,0.000,0.000,0.000,0.000,0.023,0.000,0.004,0.000,0.006,0.000
265,346.482,0.5458,0.7582,0.252,0.3322,0.5217,1.138,3.260,2.104,1.962,0.877,6.344,1.745,2.144,6.787,7.042,4.301,1.290,4.237,7.384,12.179,25.587,21.548,9.768,2.263,59.706,72.298,51.690,28.016,12.811,0.014,0.000,0.042,0.000,0.024,0.001,0.000,0.000,0.000,0.023,0.012,0.005,0.000,0.002,0.006,0.040,0.053,0.017,0.000,0.000,0.014,0.000,0.000,0.000
279,352.811,0.5484,0.7523,126.238,0.3970,0.2499,1.633,3.279,2.110,2.196,2.086,6.323,2.840,2.507,7.882,7.006,4.723,1.394,4.393,7.440,11.827,24.918,21.735,9.930,3.033,59.961,73.078,51.610,28.432,12.474,44.709,22.250,6.359,22.476,4.975,2.803,2.213,3.224,3.486,3.208,1.735,1.137,1.949,3.626,0.000,0.220,0.359,0.489,0.000,0.327,0.000,0.340,0.355,0.000
292,350.237,0.5464,0.7548,126.538,0.3930,0.2526,1.545,3.318,2.157,1.850,1.531,6.441,2.011,2.467,6.168,7.698,4.774,2.149,4.271,7.429,11.806,24.394,22.386,10.211,3.100,59.903,72.553,52.114,28.001,11.959,44.424,21.984,6.556,22.684,4.809,3.381,2.552,3.204,3.025,3.420,2.055,0.311,1.922,3.451,0.536,0.000,0.000,0.003,0.821,0.496,0.516,0.000,0.390,0.000
304,350.894,0.5468,0.7566,128.160,0.3980,0.2559,0.752,4.294,1.936,2.208,1.018,6.344,2.060,1.873,6.709,6.947,4.649,1.858,3.755,7.534,11.991,25.126,22.951,9.834,2.890,60.999,72.270,51.743,28.676,12.478,44.287,22.016,5.654,22.868,4.697,3.908,2.046,2.985,3.341,3.454,2.251,1.048,2.187,4.508,0.178,0.324,0.724,0.587,0.956,0.000,0.000,0.000,0.000,0.141
320,350.873,0.5460,0.7567,127.123,0.3963,0.2607,1.416,2.653,1.680,2.127,1.514,6.494,2.537,2.913,6.654,7.493,4.335,0.754,4.405,7.456,12.200,25.544,21.975,8.989,3.529,61.052,72.690,52.070,28.025,12.370,44.232,22.109,6.268,22.098,4.438,3.614,2.326,2.644,3.617,2.990,2.137,0.079,2.253,3.033,0.410,0.349,0.659,0.505,1.315,0.267,0.429,0.239,0.826,0.283
343,346.161,0.5465,0.7568,195.865,0.4114,0.4199,1.710,2.414,1.361,1.571,1.758,6.431,2.875,2.727,7.212,6.855,4.391,1.282,3.953,7.090,12.162,25.149,21.121,9.819,2.958,59.889,72.083,51.167,28.043,12.140,24.881,13.069,4.663,12.880,6.969,13.344,5.864,6.963,18.633,13.831,7.853,4.223,11.776,21.815,1.749,3.089,3.256,2.856,2.062,3.196,4.721,5.130,2.605,0.438
356,0.117,0.5147,0.7091,197.749,0.4133,0.4176,0.000,0.000,0.000,0.000,0.011,0.000,0.000,0.000,0.000,0.013,0.014,0.000,0.000,0.000,0.000,0.000,0.006,0.003,0.000,0.042,0.000,0.019,0.010,0.000,24.807,12.457,4.880,13.500,7.081,13.091,5.839,7.196,19.945,13.367,8.424,3.367,12.886,22.422,2.142,3.601,3.415,2.465,2.729,3.289,4.646,4.181,2.019,0.000
373,0.205,0.6611,0.5761,198.412,0.4123,0.4202,0.000,0.000,0.000,0.000,0.023,0.000,0.000,0.026,0.000,0.024,0.001,0.000,0.021,0.008,0.011,0.005,0.000,0.029,0.027,0.006,0.000,0.000,0.025,0.000,23.782,12.767,5.207,13.431,7.560,13.512,6.171,6.654,19.947,14.132,8.488,3.366,13.104,21.746,1.700,2.439,3.347,2.660,1.989,3.705,4.985,4.920,1.765,1.035
389,0.181,0.6130,0.5124,203.093,0.4137,0.4243,0.015,0.013,0.000,0.000,0.000,0.031,0.015,0.000,0.013,0.000,0.000,0.013,0.000,0.016,0.009,0.000,0.000,0.019,0.000,0.000,0.000,0.014,0.000,0.023,24.911,13.860,5.482,13.185,7.550,12.874,5.360,6.341,19.842,14.115,8.993,3.007,13.787,21.383,2.516,2.817,3.109,2.793,3.081,3.012,5.330,5.879,2.917,0.948
403,0.161,0.5926,0.5402,194.470,0.4110,0.4232,0.000,0.000,0.000,0.017,0.010,0.000,0.012,0.013,0.000,0.015,0.000,0.034,0.000,0.000,0.007,0.006,0.023,0.000,0.000,0.000,0.000,0.000,0.014,0.011,24.437,12.508,4.548,13.409,6.792,12.245,5.726,5.406,19.259,14.303,8.245,3.547,12.092,21.419,2.515,3.303,3.471,2.321,3.089,3.099,5.164,5.102,2.409,0.061
417,0.247,0.5838,0.4811,428.725,0.3942,0.7057,0.024,0.038,0.000,0.018,0.012,0.006,0.000,0.000,0.015,0.015,0.015,0.000,0.000,0.013,0.011,0.000,0.006,0.003,0.021,0.039,0.012,0.000,0.000,0.000,11.484,6.233,3.691,5.740,4.663,9.442,3.823,3.941,12.425,11.349,6.253,2.572,7.576,13.854,7.388,24.674,33.144,20.666,7.207,39.302,61.763,63.437,44.440,23.658
432,0.144,0.5581,0.5840,427.907,0.3957,0.7063,0.006,0.000,0.000,0.000,0.008,0.025,0.000,0.027,0.000,0.000,0.000,0.002,0.001,0.000,0.009,0.006,0.000,0.012,0.004,0.018,0.000,0.026,0.002,0.000,10.663,5.871,3.404,6.544,4.573,9.417,3.232,4.566,12.909,10.845,5.844,2.928,8.087,14.428,8.153,24.182,32.024,20.305,7.121,38.292,62.571,63.034,44.979,23.934
445,0.222,0.5533,0.4847,430.374,0.3961,0.7050,0.027,0.000,0.003,0.020,0.018,0.041,0.000,0.000,0.000,0.014,0.009,0.000,0.000,0.022,0.000,0.006,0.016,0.001,0.000,0.001,0.011,0.018,0.015,0.000,10.571,6.415,3.165,6.058,4.568,9.192,3.912,4.544,12.850,10.654,6.454,2.927,8.762,14.870,8.188,24.642,32.545,20.742,7.383,38.927,61.216,63.967,44.712,23.110
460,0.173,0.6427,0.5078,429.729,0.3947,0.7062,0.015,0.002,0.000,0.000,0.020,0.000,0.000,0.000,0.000,0.020,0.000,0.039,0.031,0.000,0.000,0.000,0.000,0.007,0.020,0.000,0.000,0.010,0.009,0.000,10.334,5.778,3.587,7.066,3.756,10.527,3.662,4.459,12.586,10.576,6.557,2.834,8.756,14.293,7.576,23.907,32.279,20.291,6.890,38.863,62.425,63.446,45.201,24.080
473,0.247,0.6439,0.5443,429.917,0.3956,0.7049,0.006,0.018,0.000,0.002,0.000,0.020,0.005,0.014,0.018,0.015,0.016,0.010,0.011,0.007,0.000,0.000,0.029,0.019,0.018,0.000,0.000,0.000,0.015,0.025,10.801,5.398,2.946,6.206,5.063,9.706,4.210,4.408,13.272,10.229,6.882,2.171,8.787,15.097,8.511,24.451,32.939,20.486,6.704,38.158,62.056,63.709,44.700,23.025
494,0.196,0.5319,0.5146,428.000,0.3945,0.7068,0.037,0.000,0.000,0.031,0.000,0.000,0.008,0.000,0.000,0.024,0.000,0.000,0.019,0.009,0.000,0.000,0.004,0.000,0.000,0.017,0.038,0.000,0.008,0.000,11.418,6.057,3.495,6.217,4.257,10.299,3.651,4.055,12.510,10.506,5.851,1.795,7.976,13.651,7.563,24.661,32.470,20.540,7.266,39.064,62.909,62.705,44.941,24.142
511,0.261,0.6657,0.5464,427.240,0.3956,0.7060,0.025,0.000,0.000,0.000,0.000,0.007,0.036,0.020,0.012,0.005,0.000,0.000,0.013,0.037,0.000,0.029,0.000,0.000,0.022,0.000,0.000,0.000,0.009,0.046,10.460,5.548,3.283,6.543,4.397,10.364,4.800,4.592,12.705,9.766,6.732,1.149,8.672,13.933,7.321,24.510,32.454,20.173,7.926,38.528,62.169,62.847,44.599,23.769
524,0.201,0.5924,0.4193,348.546,0.3558,0.7559,0.046,0.017,0.000,0.000,0.007,0.015,0.002,0.017,0.000,0.000,0.007,0.025,0.004,0.023,0.001,0.011,0.000,0.000,0.002,0.000,0.000,0.023,0.000,0.000,3.542,1.302,1.431,1.053,2.418,7.292,1.935,2.631,6.120,6.969,4.170,1.553,4.834,7.055,11.392,25.063,22.438,10.039,3.257,58.311,75.636,54.040,25.688,10.379
536,0.195,0.5363,0.4628,343.088,0.3544,0.7599,0.020,0.000,0.031,0.000,0.022,0.027,0.000,0.010,0.000,0.022,0.011,0.008,0.000,0.000,0.000,0.000,0.000,0.000,0.000,0.000,0.000,0.007,0.017,0.020,2.322,1.194,2.035,1.411,0.669,6.876,1.840,2.010,6.544,6.873,4.165,1.680,4.410,7.004,11.138,25.125,22.609,9.933,3.049,58.372,74.356,53.734,26.099,9.641
549,0.220,0.5802,0.3662,345.563,0.3557,0.7574,0.028,0.002,0.022,0.015,0.000,0.038,0.003,0.033,0.046,0.000,0.000,0.015,0.000,0.000,0.000,0.016,0.001,0.000,0.000,0.000,0.000,0.000,0.000,0.001,2.610,1.944,1.340,1.335,1.896,6.967,3.033,2.223,6.297,6.515,4.398,1.250,3.731,6.890,11.128,24.639,22.989,10.343,2.728,58.042,75.205,53.371,26.744,9.948
564,128.134,0.5863,0.2577,350.096,0.3565,0.7579,25.987,40.466,5.363,23.257,5.341,3.882,3.145,1.645,3.140,3.912,2.075,0.670,1.975,3.508,1.226,0.254,0.409,0.000,0.318,0.740,0.000,0.761,0.060,0.000,1.577,1.631,1.385,1.260,2.727,6.482,2.465,2.285,6.544,6.802,5.025,1.889,4.119,7.108,11.319,25.768,22.571,10.659,3.449,60.054,74.947,53.726,25.820,10.485
586,125.728,0.5865,0.2518,349.199,0.3572,0.7548,26.720,39.566,6.055,22.637,5.018,3.749,1.691,1.999,2.682,3.680,2.534,1.432,2.176,3.447,0.769,0.000,0.243,0.459,0.540,0.293,0.000,0.000,0.038,0.000,2.859,2.203,1.347,1.826,1.740,6.685,2.789,2.295,7.050,6.500,4.496,1.159,4.302,7.719,11.469,24.418,22.683,10.394,3.353,59.014,75.536,53.340,26.014,10.011
604,121.890,0.5866,0.2477,348.858,0.3567,0.7565,25.549,39.787,6.102,21.892,4.946,3.461,2.727,1.384,2.987,3.936,1.355,0.335,1.873,3.357,1.095,0.000,0.000,0.162,0.417,0.000,0.294,0.230,0.000,0.000,2.840,1.449,1.298,1.427,1.786,6.702,2.615,2.475,6.633,7.278,4.894,1.266,4.136,8.037,10.608,24.797,22.755,10.038,3.124,58.975,75.695,53.373,26.013,10.644
625,196.831,0.6172,0.4213,0.242,0.3403,0.5895,14.160,22.592,5.433,14.068,6.624,13.305,5.528,6.233,19.794,14.952,8.450,2.613,12.232,21.487,1.746,3.013,3.161,1.799,2.680,3.171,5.412,5.292,1.897,1.192,0.002,0.002,0.032,0.000,0.000,0.000,0.024,0.000,0.000,0.016,0.026,0.020,0.005,0.000,0.001,0.034,0.000,0.008,0.000,0.000,0.011,0.022,0.017,0.021
639,198.452,0.6176,0.4147,0.108,0.3731,0.4676,14.710,23.260,5.861,13.784,7.593,13.335,5.238,7.469,19.449,14.697,8.944,3.132,11.784,21.365,2.031,2.908,3.069,2.410,2.788,2.570,4.785,4.703,2.262,0.305,0.006,0.015,0.005,0.000,0.001,0.000,0.038,0.000,0.006,0.000,0.000,0.000,0.000,0.000,0.000,0.008,0.008,0.000,0.000,0.004,0.000,0.016,0.000,0.000
654,198.570,0.6200,0.4220,0.215,0.3191,0.5574,14.324,22.510,6.654,13.704,6.461,12.902,5.078,6.839,19.637,14.253,8.639,3.435,12.698,21.838,1.623,3.030,2.275,2.322,2.888,2.615,5.028,5.249,2.895,1.674,0.011,0.000,0.000,0.000,0.022,0.010,0.018,0.000,0.000,0.025,0.037,0.000,0.000,0.008,0.005,0.000,0.029,0.000,0.000,0.018,0.033,0.000,0.000,0.000
679,196.087,0.6177,0.4158,0.231,0.4113,0.4655,14.482,23.160,6.512,13.253,6.923,12.682,5.422,6.578,20.053,13.961,8.430,3.027,12.293,21.396,2.296,3.778,2.946,1.853,1.991,2.086,5.171,4.931,2.142,0.721,0.000,0.000,0.010,0.009,0.016,0.000,0.020,0.030,0.041,0.023,0.023,0.000,0.000,0.010,0.000,0.005,0.026,0.000,0.006,0.000,0.012,0.000,0.000,0.000
695,433.277,0.5906,0.7042,0.195,0.4801,0.5878,6.864,10.202,3.619,6.042,4.470,9.817,3.692,5.274,13.441,10.970,7.124,2.004,8.167,14.674,8.942,25.795,31.343,19.758,7.669,35.261,59.078,63.361,48.975,26.736,0.000,0.000,0.000,0.011,0.001,0.000,0.005,0.021,0.000,0.000,0.013,0.028,0.029,0.006,0.000,0.000,0.000,0.036,0.000,0.000,0.000,0.003,0.000,0.042
712,429.380,0.5910,0.7052,0.135,0.4978,0.5719,7.076,9.920,3.404,6.562,3.271,9.309,3.505,5.044,13.418,11.052,6.958,2.571,8.099,15.013,8.084,24.612,32.483,20.240,6.454,35.112,58.433,63.455,47.971,27.334,0.000,0.038,0.006,0.000,0.000,0.000,0.000,0.003,0.000,0.000,0.000,0.002,0.000,0.002,0.000,0.000,0.000,0.000,0.030,0.000,0.000,0.049,0.003,0.000
723,429.033,0.5914,0.7067,0.222,0.4336,0.4044,6.308,9.727,3.665,6.835,3.910,9.428,3.730,4.729,13.070,9.968,6.310,2.201,8.772,14.304,7.938,25.493,32.513,19.481,7.473,35.357,58.820,64.018,48.003,26.979,0.010,0.023,0.020,0.038,0.020,0.006,0.003,0.006,0.000,0.006,0.015,0.000,0.037,0.005,0.000,0.000,0.000,0.000,0.007,0.000,0.000,0.000,0.026,0.000
737,428.936,0.5916,0.7063,0.206,0.3819,0.6311,6.669,10.905,3.273,5.773,3.915,9.098,3.556,4.431,13.219,10.045,7.203,2.611,8.414,14.669,8.076,25.180,32.374,19.189,6.865,35.159,58.724,63.859,48.620,27.109,0.000,0.000,0.013,0.000,0.013,0.009,0.008,0.000,0.003,0.000,0.000,0.010,0.006,0.000,0.000,0.046,0.024,0.017,0.006,0.014,0.000,0.025,0.000,0.013
752,427.430,0.5907,0.7068,0.165,0.4088,0.4803,6.106,10.614,3.003,5.332,4.246,10.048,3.733,3.952,13.196,10.781,7.592,2.812,8.192,14.384,7.738,24.692,31.443,20.150,6.515,35.746,58.449,63.537,48.012,27.158,0.028,0.000,0.014,0.000,0.001,0.000,0.002,0.000,0.063,0.000,0.000,0.000,0.000,0.000,0.019,0.000,0.000,0.000,0.000,0.000,0.032,0.007,0.000,0.000
767,428.208,0.5885,0.7079,0.227,0.3854,0.4350,6.228,9.491,4.040,6.389,3.491,9.678,3.864,4.732,12.260,10.892,7.566,1.939,8.179,13.580,8.319,26.063,32.374,19.066,6.510,34.854,58.805,63.619,48.550,27.720,0.000,0.037,0.000,0.000,0.000,0.039,0.019,0.033,0.021,0.000,0.000,0.000,0.007,0.018,0.030,0.012,0.000,0.005,0.000,0.000,0.000,0.006,0.000,0.000
781,430.412,0.5886,0.7064,0.159,0.3549,0.5669,6.448,10.190,4.151,5.817,3.736,10.144,4.095,4.409,13.231,10.944,7.706,1.650,8.045,14.075,8.212,25.153,31.987,19.026,6.447,35.794,59.022,64.332,48.928,26.871,0.000,0.000,0.005,0.014,0.000,0.000,0.000,0.000,0.000,0.028,0.005,0.010,0.027,0.000,0.000,0.025,0.015,0.001,0.016,0.012,0.000,0.001,0.000,0.000
793,432.045,0.5928,0.7044,0.188,0.4020,0.5863,6.283,10.855,3.775,5.501,4.286,9.840,4.158,5.468,13.743,9.503,7.244,1.889,8.512,15.051,8.382,25.059,31.572,20.048,7.317,34.626,59.366,63.871,48.454,27.242,0.000,0.007,0.016,0.020,0.009,0.000,0.000,0.000,0.000,0.000,0.018,0.000,0.000,0.014,0.023,0.000,0.000,0.025,0.000,0.000,0.021,0.000,0.030,0.006
807,347.867,0.5439,0.7564,0.158,0.4052,0.6307,2.025,3.568,2.213,0.751,1.105,6.855,2.223,2.475,6.246,7.515,4.953,1.481,4.129,6.636,11.796,25.422,21.478,9.308,2.865,60.483,72.520,51.438,28.125,12.257,0.005,0.000,0.006,0.000,0.000,0.012,0.006,0.013,0.000,0.000,0.000,0.008,0.001,0.011,0.000,0.007,0.010,0.022,0.000,0.000,0.030,0.000,0.020,0.006
820,347.466,0.5466,0.7575,0.218,0.4946,0.5270,1.241,2.746,1.882,1.132,2.408,6.716,2.004,2.516,6.797,6.451,5.155,0.832,3.831,7.397,11.959,25.045,21.703,9.637,3.303,60.615,72.438,51.928,27.458,12.272,0.010,0.000,0.000,0.000,0.000,0.000,0.000,0.000,0.043,0.019,0.000,0.039,0.010,0.027,0.000,0.000,0.017,0.000,0.042,0.000,0.002,0.007,0.000,0.000
836,351.327,0.5464,0.7534,124.635,0.3895,0.2495,1.814,3.781,1.324,1.719,1.665,7.066,2.116,2.365,6.855,6.970,4.578,2.148,4.993,7.410,11.820,25.838,22.826,9.304,2.430,60.296,72.434,51.237,28.941,11.397,44.055,21.667,5.858,22.882,4.297,3.984,3.026,2.895,3.362,3.523,1.425,1.494,1.137,2.880,0.799,0.436,0.000,0.000,0.339,0.000,0.000,0.226,0.213,0.137
847,350.714,0.5472,0.7551,126.785,0.3933,0.2539,1.364,3.001,1.300,1.685,1.997,6.865,2.069,2.404,7.403,7.162,5.361,1.650,4.450,7.018,11.805,25.718,22.279,10.426,2.186,60.194,71.396,51.520,28.905,12.555,44.340,21.579,6.640,22.186,4.608,3.090,2.581,1.991,3.723,3.809,2.677,0.959,2.606,3.566,0.249,0.466,0.265,1.044,0.325,0.081,0.000,0.000,0.000,0.000
865,347.258,0.5467,0.7588,123.643,0.3920,0.2453,0.768,3.396,1.896,1.111,1.490,6.940,2.175,2.281,6.244,6.365,4.520,1.992,4.433,7.248,11.735,24.770,22.058,9.428,2.783,60.162,72.690,51.546,28.522,12.702,44.058,21.882,6.609,22.385,4.224,3.207,2.446,3.032,3.852,4.211,1.588,0.000,2.268,2.936,0.103,0.000,0.258,0.093,0.000,0.000,0.026,0.266,0.197,0.000
878,349.575,0.5447,0.7557,125.702,0.3941,0.2527,2.013,3.046,2.241,1.293,2.074,7.255,2.004,1.722,6.476,7.064,4.605,0.864,4.020,7.944,12.768,25.559,21.618,9.466,2.155,60.201,72.018,52.307,28.892,11.974,44.035,22.534,6.410,22.321,4.464,3.582,2.571,2.278,2.835,3.383,2.436,0.106,1.710,3.723,0.552,0.000,0.379,0.760,1.002,0.131,0.235,0.000,0.039,0.217
889,346.980,0.5455,0.7564,200.324,0.4085,0.4168,1.545,3.087,1.748,1.310,1.938,7.072,1.722,2.527,6.953,7.343,4.907,1.039,3.635,7.410,12.076,25.065,21.179,9.442,2.665,59.971,72.729,51.019,28.578,12.020,25.133,13.207,6.300,13.788,7.366,13.527,5.950,6.946,19.173,14.263,8.698,3.370,12.599,21.071,1.944,3.735,2.599,2.344,2.304,2.701,5.272,5.188,2.070,0.775
905,0.291,0.5019,0.4677,199.123,0.4099,0.4180,0.034,0.016,0.000,0.000,0.010,0.031,0.008,0.000,0.023,0.034,0.057,0.016,0.000,0.000,0.032,0.000,0.000,0.000,0.000,0.005,0.016,0.000,0.009,0.000,24.648,13.286,5.692,14.172,7.323,13.267,5.903,7.300,18.880,14.481,7.910,3.388,11.910,21.451,1.821,2.921,3.005,3.039,2.659,2.929,6.389,4.773,1.976,0.000
918,0.194,0.6513,0.4255,199.089,0.4117,0.4162,0.000,0.054,0.012,0.000,0.000,0.000,0.024,0.006,0.017,0.000,0.006,0.000,0.021,0.000,0.008,0.006,0.000,0.000,0.026,0.004,0.004,0.000,0.006,0.000,24.499,13.062,4.855,14.357,7.319,13.090,5.896,8.071,19.395,14.473,8.688,3.285,12.597,21.712,2.003,3.315,2.786,2.440,2.295,2.081,5.387,5.384,1.824,0.276
935,0.236,0.5688,0.5279,200.365,0.4093,0.4218,0.015,0.000,0.012,0.000,0.031,0.030,0.025,0.000,0.000,0.007,0.016,0.002,0.000,0.014,0.000,0.005,0.003,0.002,0.000,0.000,0.012,0.037,0.025,0.000,24.323,13.156,5.850,13.571,7.196,12.938,5.280,6.627,19.419,14.697,8.712,3.153,12.748,22.030,2.825,2.920,3.625,2.808,2.275,3.345,5.265,5.448,2.109,0.045
952,0.296,0.6087,0.4668,197.084,0.4122,0.4230,0.028,0.000,0.034,0.008,0.000,0.029,0.017,0.000,0.055,0.000,0.000,0.003,0.042,0.000,0.021,0.000,0.000,0.000,0.020,0.000,0.000,0.010,0.027,0.001,24.019,12.710,5.547,13.807,6.623,12.735,4.828,7.226,19.509,14.100,7.960,3.342,13.185,21.066,2.035,2.960,2.912,3.137,2.454,2.635,6.345,5.249,2.243,0.455
968,0.235,0.5609,0.5126,197.825,0.4103,0.4197,0.034,0.000,0.000,0.000,0.051,0.000,0.018,0.000,0.000,0.003,0.008,0.005,0.000,0.000,0.042,0.000,0.019,0.000,0.013,0.000,0.026,0.016,0.000,0.000,24.014,12.985,5.970,14.132,7.000,13.552,5.236,6.638,19.860,14.280,7.933,2.704,12.749,21.308,2.400,2.571,3.704,1.676,2.476,3.503,5.423,4.394,2.064,1.253
981,0.134,0.6248,0.5207,431.144,0.3932,0.7057,0.000,0.000,0.000,0.028,0.000,0.000,0.027,0.000,0.000,0.000,0.019,0.005,0.000,0.020,0.000,0.000,0.000,0.000,0.000,0.009,0.000,0.000,0.003,0.023,10.145,6.373,3.736,6.175,4.515,9.593,4.532,4.395,12.485,11.787,6.687,2.517,7.651,14.113,8.302,24.500,32.807,20.199,6.990,38.947,62.871,63.765,44.995,23.064
995,0.149,0.6225,0.5277,427.909,0.3953,0.7072,0.000,0.009,0.000,0.000,0.002,0.025,0.001,0.027,0.015,0.000,0.002,0.003,0.000,0.001,0.016,0.000,0.012,0.008,0.004,0.000,0.000,0.000,0.000,0.024,10.910,5.509,3.345,6.226,3.900,10.000,3.532,4.574,12.866,10.376,6.454,2.285,8.323,14.554,7.887,24.049,32.145,20.407,7.024,38.473,62.795,62.855,45.293,24.124
1008,0.130,0.5930,0.4924,429.928,0.3949,0.7051,0.000,0.018,0.000,0.006,0.000,0.001,0.000,0.020,0.000,0.016,0.010,0.000,0.000,0.020,0.000,0.029,0.000,0.000,0.000,0.000,0.000,0.009,0.000,0.000,11.078,5.535,3.484,6.407,4.779,9.982,3.489,3.960,13.098,10.766,7.288,2.587,8.308,14.404,7.725,24.195,32.464,20.450,7.230,38.752,62.867,62.520,44.974,23.586
1022,0.103,0.7121,0.6204,432.378,0.3956,0.7046,0.000,0.000,0.000,0.000,0.003,0.000,0.001,0.012,0.000,0.000,0.000,0.000,0.025,0.000,0.004,0.000,0.011,0.000,0.028,0.000,0.004,0.000,0.015,0.000,10.547,6.252,3.219,7.127,4.532,10.229,3.475,5.306,12.938,11.409,6.217,2.038,8.187,14.524,7.360,24.143,32.737,20.642,7.261,39.438,62.159,63.524,44.757,24.356
1037,0.285,0.6100,0.5089,426.413,0.3978,0.7063,0.021,0.000,0.000,0.020,0.047,0.008,0.032,0.020,0.000,0.003,0.001,0.000,0.012,0.000,0.025,0.000,0.024,0.013,0.000,0.000,0.000,0.027,0.006,0.026,10.160,6.460,2.805,6.560,4.568,9.439,3.861,4.470,13.109,10.449,6.595,2.628,8.363,14.130,6.874,23.516,32.458,19.603,7.611,37.399,62.574,63.034,44.914,24.833
1049,0.167,0.5985,0.5439,432.790,0.3959,0.7036,0.000,0.030,0.005,0.000,0.000,0.018,0.000,0.000,0.000,0.000,0.021,0.000,0.018,0.000,0.000,0.010,0.000,0.023,0.002,0.000,0.015,0.000,0.025,0.000,11.527,6.454,3.389,5.932,4.743,9.728,3.633,4.493,13.560,10.724,7.109,3.071,8.268,14.469,7.399,24.476,32.419,19.940,7.598,38.632,62.779,63.631,45.265,23.551
1063,0.149,0.4733,0.5263,428.108,0.3947,0.7061,0.000,0.000,0.020,0.010,0.000,0.000,0.000,0.000,0.001,0.035,0.020,0.000,0.006,0.000,0.030,0.000,0.000,0.024,0.000,0.002,0.000,0.000,0.001,0.000,11.151,6.252,2.660,5.748,4.170,10.048,3.609,4.037,13.269,11.056,6.411,2.737,7.934,14.626,8.122,24.243,32.738,20.350,6.653,39.006,61.948,63.016,44.779,23.547
1077,0.267,0.6184,0.6131,345.847,0.3544,0.7591,0.000,0.005,0.020,0.005,0.000,0.011,0.000,0.000,0.000,0.023,0.000,0.012,0.000,0.045,0.017,0.028,0.004,0.000,0.031,0.006,0.006,0.005,0.014,0.037,2.159,2.153,1.715,1.245,1.221,6.492,2.266,2.080,5.941,7.136,4.312,1.401,3.772,7.450,12.055,25.025,22.605,10.476,2.865,58.699,75.218,53.935,25.529,10.099
1091,0.173,0.6326,0.5526,347.156,0.3553,0.7555,0.000,0.000,0.000,0.028,0.018,0.001,0.002,0.000,0.024,0.000,0.000,0.003,0.000,0.008,0.000,0.027,0.024,0.000,0.000,0.015,0.000,0.000,0.023,0.001,2.493,2.232,1.834,1.614,1.479,6.342,3.493,1.496,6.836,7.635,4.690,1.289,3.708,7.387,11.331,25.542,22.081,10.003,2.841,58.379,74.154,53.682,25.782,10.836
1106,0.159,0.6405,0.6905,345.126,0.3562,0.7567,0.018,0.002,0.000,0.000,0.005,0.000,0.000,0.000,0.000,0.000,0.000,0.010,0.007,0.008,0.000,0.000,0.000,0.005,0.005,0.025,0.000,0.019,0.009,0.047,3.029,1.635,1.508,2.200,2.131,6.455,2.471,1.311,6.684,6.745,3.818,1.134,4.404,6.995,11.158,24.964,22.796,10.481,2.483,58.190,74.501,53.838,26.010,10.184
1127,126.842,0.5888,0.2598,351.110,0.3553,0.7569,25.206,40.041,5.588,22.350,5.376,3.439,2.362,2.137,3.425,4.557,2.052,0.552,1.909,3.665,1.190,1.032,0.143,0.364,0.508,0.000,0.553,0.000,0.000,0.394,2.620,2.144,1.860,1.485,1.266,6.748,2.096,2.206,6.113,7.894,4.412,1.900,4.988,6.735,11.182,24.967,23.435,10.451,2.502,58.711,75.176,54.742,26.706,10.772
1139,123.695,0.5902,0.2533,351.378,0.3579,0.7521,25.043,39.853,5.366,22.288,4.700,3.320,3.018,1.969,3.130,4.104,2.698,0.760,1.426,3.895,0.145,0.244,0.000,0.015,0.827,0.000,0.666,0.000,0.225,0.000,2.709,2.504,1.797,2.088,1.628,6.754,2.839,2.726,7.167,7.169,4.586,0.789,5.218,7.624,10.971,24.746,23.054,9.748,3.561,58.222,75.035,54.184,25.994,10.266
1158,125.880,0.5898,0.2504,346.682,0.3563,0.7585,26.062,40.298,6.219,22.370,5.333,3.539,2.474,2.651,3.684,3.549,2.252,0.044,1.896,2.920,0.426,0.455,0.004,0.506,0.378,0.042,0.000,0.487,0.000,0.290,2.708,1.654,1.943,1.880,1.457,6.391,2.405,1.612,6.289,7.112,4.275,1.286,4.496,6.893,10.487,24.058,22.805,10.588,3.130,58.712,75.772,53.989,26.122,10.618
1173,197.874,0.6165,0.4212,345.208,0.3563,0.7587,14.758,22.843,5.596,12.903,6.777,12.835,5.824,7.434,19.059,15.011,9.107,2.906,11.607,21.384,1.811,3.443,2.769,1.944,3.338,2.868,4.995,5.366,3.050,0.245,1.785,1.191,2.022,1.594,2.364,6.325,2.294,1.941,6.945,6.963,4.082,1.551,3.835,7.187,11.222,24.419,22.615,10.829,2.530,58.652,75.064,53.437,26.061,10.303
1192,199.421,0.6186,0.4234,0.199,0.3621,0.4377,13.791,23.096,5.525,13.289,6.670,13.423,5.471,7.462,20.199,14.149,8.848,2.875,11.680,21.980,2.673,3.956,2.521,2.176,2.616,2.502,5.327,5.527,2.544,1.122,0.011,0.000,0.048,0.028,0.000,0.000,0.000,0.006,0.000,0.012,0.000,0.026,0.004,0.023,0.000,0.020,0.000,0.000,0.002,0.006,0.002,0.000,0.000,0.010
1210,192.467,0.6207,0.4149,0.136,0.3218,0.6171,13.469,23.513,5.136,13.687,6.830,13.479,5.216,6.685,19.401,13.145,9.247,2.744,12.013,21.657,1.780,2.963,2.617,1.556,2.456,2.139,5.180,4.425,3.130,0.000,0.010,0.000,0.000,0.014,0.000,0.000,0.003,0.015,0.000,0.000,0.000,0.000,0.000,0.000,0.022,0.021,0.000,0.000,0.008,0.010,0.032,0.000,0.000,0.000
1222,199.312,0.6160,0.4213,0.137,0.4216,0.5316,14.446,23.104,5.527,13.182,6.332,13.776,5.751,7.374,19.649,14.022,9.424,3.162,12.539,21.113,2.482,3.565,3.172,2.278,2.042,2.497,5.079,4.827,2.840,1.129,0.000,0.000,0.014,0.000,0.000,0.020,0.004,0.028,0.000,0.000,0.000,0.000,0.000,0.000,0.003,0.014,0.005,0.000,0.045,0.000,0.000,0.000,0.005,0.000
1238,198.847,0.6165,0.4205,0.121,0.4540,0.5414,13.964,22.805,6.070,13.383,6.970,13.215,5.604,6.561,19.767,14.454,9.822,3.192,12.317,21.689,2.059,3.477,3.108,1.582,2.771,2.649,5.556,4.841,2.949,0.044,0.000,0.008,0.022,0.000,0.013,0.000,0.000,0.003,0.000,0.000,0.000,0.000,0.000,0.014,0.000,0.000,0.012,0.016,0.005,0.000,0.000,0.029,0.000,0.000
1252,429.547,0.5912,0.7066,0.191,0.3554,0.4552,6.497,10.099,3.660,5.501,4.329,9.210,4.045,4.671,13.413,10.363,6.416,2.498,8.350,14.283,8.410,25.380,31.806,20.202,7.054,35.599,58.807,63.399,48.556,26.999,0.010,0.000,0.064,0.000,0.006,0.000,0.000,0.032,0.000,0.000,0.010,0.000,0.000,0.003,0.000,0.005,0.027,0.020,0.000,0.000,0.012,0.000,0.003,0.000
1267,431.630,0.5908,0.7047,0.198,0.3806,0.5064,6.665,10.071,3.594,6.432,3.734,9.542,3.754,4.490,13.161,11.732,7.285,3.110,8.448,14.526,8.143,24.695,32.332,19.342,7.851,35.109,58.776,62.998,48.176,27.665,0.000,0.002,0.023,0.000,0.035,0.024,0.000,0.022,0.000,0.000,0.000,0.000,0.000,0.008,0.007,0.043,0.000,0.000,0.000,0.000,0.000,0.000,0.034,0.000
1281,431.844,0.5919,0.7031,0.131,0.4477,0.5655,6.884,10.236,4.084,5.730,5.129,9.399,3.827,5.241,13.100,10.003,7.082,2.920,8.458,15.039,8.186,25.302,32.046,19.915,7.151,35.218,58.569,63.127,48.744,26.453,0.009,0.000,0.000,0.019,0.009,0.000,0.000,0.000,0.003,0.000,0.000,0.000,0.000,0.000,0.011,0.021,0.008,0.002,0.039,0.003,0.000,0.000,0.008,0.000
1303,429.646,0.5907,0.7066,0.281,0.3801,0.4485,6.608,11.047,3.625,5.533,2.981,9.624,4.410,4.580,12.063,10.363,6.179,2.770,8.890,15.224,8.564,24.907,32.086,19.345,7.028,35.119,58.758,63.944,48.936,27.063,0.000,0.040,0.025,0.039,0.019,0.012,0.004,0.000,0.001,0.028,0.000,0.000,0.011,0.017,0.015,0.000,0.041,0.000,0.000,0.016,0.000,0.001,0.010,0.002
1320,428.931,0.5916,0.7063,0.146,0.3330,0.4299,5.985,10.549,3.116,5.792,3.437,10.289,3.589,5.141,13.355,11.072,6.668,2.213,8.724,14.482,7.997,24.779,31.901,19.789,7.354,34.924,58.410,63.780,48.203,27.381,0.004,0.006,0.023,0.022,0.002,0.029,0.003,0.000,0.000,0.008,0.000,0.000,0.023,0.000,0.000,0.000,0.000,0.000,0.006,0.000,0.019,0.000,0.000,0.000
1339,427.667,0.5908,0.7061,0.162,0.4157,0.5599,6.388,10.974,3.537,5.890,3.570,9.472,3.194,4.587,13.411,11.229,6.845,2.991,7.762,14.295,7.953,24.552,32.112,19.140,6.684,34.620,58.995,63.665,48.549,27.252,0.008,0.000,0.000,0.017,0.000,0.007,0.009,0.036,0.000,0.000,0.013,0.000,0.000,0.000,0.001,0.000,0.000,0.018,0.000,0.000,0.018,0.000,0.019,0.016
1354,348.986,0.5463,0.7546,0.199,0.4362,0.5482,1.367,3.760,2.093,2.203,1.288,6.310,2.304,2.061,6.613,6.773,4.873,1.508,4.526,8.053,12.369,25.334,21.725,8.797,2.903,59.869,72.931,51.071,28.162,12.092,0.000,0.000,0.000,0.000,0.008,0.000,0.021,0.006,0.024,0.010,0.014,0.000,0.030,0.020,0.000,0.021,0.000,0.002,0.014,0.000,0.029,0.000,0.000,0.000
1369,351.234,0.5459,0.7563,0.115,0.4134,0.5380,1.234,2.455,1.519,1.529,1.936,6.965,2.807,2.763,6.578,7.627,4.330,1.546,4.058,7.577,12.549,25.408,22.429,9.622,3.036,60.677,72.737,51.159,28.149,12.542,0.000,0.000,0.000,0.000,0.000,0.000,0.000,0.000,0.006,0.000,0.030,0.027,0.027,0.009,0.000,0.005,0.000,0.000,0.000,0.000,0.000,0.011,0.000,0.000
1385,348.941,0.5439,0.7580,0.114,0.5001,0.4839,1.777,2.816,1.770,0.714,1.701,7.101,2.241,2.877,6.511,6.524,5.711,1.555,3.650,6.329,12.319,25.087,21.894,9.789,2.197,61.069,72.286,52.213,28.828,11.982,0.000,0.017,0.004,0.022,0.000,0.000,0.000,0.000,0.007,0.004,0.000,0.007,0.000,0.009,0.000,0.000,0.000,0.000,0.027,0.008,0.000,0.000,0.000,0.009
1401,348.300,0.5462,0.7556,127.750,0.3946,0.2576,1.524,3.113,1.425,2.147,1.713,6.548,2.840,3.071,6.274,6.766,4.337,0.835,4.819,7.275,11.835,25.574,21.503,9.834,2.402,60.446,72.625,51.051,28.100,12.242,44.241,21.561,6.457,22.940,5.314,3.554,2.136,1.805,3.017,3.263,2.608,0.527,2.077,4.198,0.969,0.096,0.582,0.427,1.340,0.393,0.245,0.000,0.000,0.000
1417,349.055,0.5454,0.7562,124.025,0.3950,0.2472,1.028,3.011,2.106,2.124,0.919,6.538,2.376,2.646,6.774,7.170,5.086,1.342,4.218,7.148,12.163,25.967,21.613,9.756,2.864,59.930,72.431,51.692,27.974,12.180,44.013,22.249,7.057,22.326,4.655,3.632,1.781,2.015,3.162,3.030,2.387,0.223,2.036,3.781,0.215,0.000,0.000,0.000,0.537,0.051,0.000,0.279,0.000,0.596
1439,347.513,0.5453,0.7585,123.095,0.3890,0.2519,1.728,2.973,1.772,1.783,1.923,6.450,2.093,1.955,6.373,7.180,4.455,0.552,4.162,6.915,11.694,24.729,22.335,9.633,2.339,60.908,72.468,52.036,28.588,12.470,43.950,21.789,6.466,21.818,4.386,3.013,1.343,2.664,3.395,4.035,1.927,0.473,1.768,2.588,1.544,0.000,0.621,0.412,0.156,0.244,0.000,0.000,0.504,0.000
1454,351.612,0.5470,0.7552,199.300,0.4117,0.4210,1.018,3.082,2.253,1.901,1.803,6.532,2.278,2.641,7.628,6.999,4.388,1.759,4.211,6.700,11.739,25.250,22.465,10.859,2.463,60.307,72.926,52.395,27.923,12.094,23.812,13.415,5.915,13.591,6.667,13.357,5.355,7.099,19.024,14.007,8.299,3.906,13.387,22.067,1.693,3.076,3.576,2.103,2.528,2.993,5.683,4.723,3.024,0.000
1479,0.134,0.5707,0.6300,200.172,0.4091,0.4211,0.000,0.014,0.000,0.000,0.000,0.009,0.000,0.004,0.000,0.000,0.010,0.003,0.000,0.000,0.032,0.000,0.000,0.000,0.026,0.000,0.001,0.036,0.000,0.000,24.854,12.857,5.192,14.121,7.088,14.006,5.352,7.520,19.168,14.737,7.890,1.982,13.058,20.817,2.501,3.552,3.772,2.473,3.313,2.748,5.659,4.909,2.237,0.366
1495,0.160,0.6410,0.6410,199.730,0.4096,0.4207,0.006,0.000,0.006,0.000,0.000,0.000,0.016,0.010,0.005,0.001,0.000,0.000,0.000,0.012,0.000,0.000,0.012,0.022,0.011,0.008,0.000,0.038,0.014,0.000,24.487,12.902,6.259,14.269,6.941,13.440,4.320,6.830,19.433,14.466,8.530,3.038,12.676,21.476,2.469,3.551,2.884,2.781,2.923,3.096,5.323,4.684,2.869,0.081
1510,0.244,0.6109,0.5335,195.809,0.4107,0.4194,0.028,0.015,0.000,0.009,0.000,0.005,0.000,0.018,0.019,0.000,0.037,0.000,0.000,0.008,0.005,0.008,0.000,0.009,0.025,0.000,0.014,0.044,0.000,0.000,23.750,13.093,5.541,13.185,7.382,13.422,5.329,6.126,19.308,14.763,8.743,2.305,12.370,21.705,1.630,2.909,3.705,2.430,2.507,2.421,5.752,5.383,2.050,0.000
1534,0.283,0.6000,0.6593,427.229,0.3961,0.7054,0.000,0.000,0.000,0.015,0.000,0.006,0.000,0.000,0.015,0.009,0.009,0.010,0.000,0.036,0.015,0.027,0.013,0.000,0.024,0.024,0.023,0.053,0.000,0.002,11.174,5.894,3.710,6.031,3.663,10.124,3.638,4.685,12.845,10.478,5.964,2.602,8.827,15.015,7.328,23.633,31.872,20.385,7.068,37.968,62.411,62.907,45.479,23.530
1547,0.229,0.6028,0.5012,429.441,0.3960,0.7067,0.036,0.008,0.000,0.000,0.009,0.011,0.000,0.000,0.000,0.000,0.006,0.030,0.049,0.010,0.018,0.000,0.000,0.025,0.000,0.000,0.023,0.000,0.000,0.005,10.885,6.196,3.416,5.792,4.802,10.226,2.976,4.097,12.734,10.164,6.280,2.860,8.688,13.812,7.565,24.913,32.536,20.115,7.555,38.639,62.153,63.487,45.067,24.482
1560,0.205,0.6023,0.6424,430.585,0.3953,0.7051,0.000,0.012,0.000,0.000,0.000,0.000,0.024,0.000,0.000,0.019,0.000,0.000,0.000,0.006,0.000,0.036,0.014,0.023,0.016,0.002,0.000,0.033,0.002,0.017,10.867,6.321,3.970,7.028,3.800,9.534,4.056,4.208,12.856,10.205,6.559,2.393,8.737,14.110,7.743,24.535,31.966,21.137,6.910,38.310,63.314,63.308,44.680,24.034
1581,0.127,0.5757,0.5769,430.052,0.3945,0.7074,0.012,0.008,0.000,0.000,0.000,0.014,0.000,0.000,0.005,0.000,0.000,0.000,0.000,0.007,0.023,0.000,0.011,0.015,0.004,0.000,0.001,0.015,0.005,0.004,10.563,5.522,2.442,6.928,4.016,9.515,3.851,4.169,12.983,11.415,6.519,2.578,8.238,14.495,8.480,24.371,32.550,20.502,7.342,39.303,62.508,63.380,44.937,23.445
1596,0.102,0.6674,0.6063,429.349,0.3941,0.7064,0.000,0.000,0.000,0.000,0.000,0.000,0.004,0.014,0.000,0.000,0.011,0.027,0.000,0.000,0.000,0.004,0.001,0.000,0.013,0.000,0.000,0.000,0.000,0.027,10.575,5.706,2.736,6.194,4.672,9.937,4.037,4.367,12.787,11.658,6.471,2.985,8.411,14.050,8.046,23.970,32.270,20.152,6.846,38.697,62.759,63.685,45.073,23.267
1613,0.215,0.6533,0.5840,428.729,0.3964,0.7035,0.001,0.000,0.020,0.000,0.000,0.000,0.000,0.019,0.028,0.013,0.000,0.000,0.015,0.001,0.000,0.002,0.014,0.033,0.032,0.010,0.019,0.010,0.000,0.000,11.087,6.710,2.821,6.596,4.405,10.254,3.397,4.701,13.575,10.095,6.276,3.111,8.651,14.084,8.075,23.875,32.299,19.739,7.679,38.197,62.438,62.536,43.885,24.243
1634,0.132,0.5847,0.5555,345.398,0.3560,0.7591,0.013,0.000,0.000,0.020,0.000,0.000,0.000,0.006,0.006,0.006,0.004,0.010,0.011,0.005,0.000,0.000,0.001,0.000,0.000,0.023,0.000,0.006,0.020,0.000,2.314,1.901,1.487,2.329,1.684,5.690,1.718,1.596,6.128,7.693,4.474,1.457,4.285,7.357,11.611,24.249,21.956,9.511,3.369,58.097,75.895,54.059,26.284,10.254
1650,0.336,0.6325,0.5584,346.442,0.3550,0.7572,0.019,0.000,0.024,0.000,0.024,0.000,0.000,0.029,0.027,0.020,0.002,0.000,0.027,0.004,0.000,0.026,0.006,0.046,0.000,0.000,0.024,0.000,0.041,0.017,2.019,1.480,1.810,1.676,1.982,6.510,3.182,1.990,6.314,7.521,3.842,1.642,4.520,6.998,11.658,24.588,22.213,10.290,2.969,58.480,74.864,54.286,25.675,9.933
1665,0.195,0.6255,0.5058,345.817,0.3538,0.7580,0.000,0.040,0.009,0.000,0.000,0.000,0.000,0.000,0.026,0.011,0.007,0.036,0.000,0.000,0.000,0.000,0.018,0.004,0.000,0.000,0.000,0.035,0.007,0.002,3.171,1.437,1.662,1.575,2.408,6.359,2.390,1.733,5.966,7.719,4.594,1.216,3.898,6.341,11.398,24.812,22.100,9.717,2.576,58.878,74.962,54.046,26.609,10.252
1685,125.750,0.5889,0.2525,349.720,0.3558,0.7551,26.316,39.417,5.356,22.744,5.259,3.799,2.449,1.718,3.254,4.497,2.183,0.933,1.976,4.121,0.535,0.000,0.141,0.000,0.416,0.015,0.000,0.427,0.000,0.194,3.267,1.594,1.480,2.445,1.192,6.579,2.573,2.896,6.429,6.906,4.419,1.949,4.630,7.279,11.446,24.677,22.314,9.690,2.992,58.939,75.513,53.624,26.244,10.642
1701,127.029,0.5881,0.2533,347.283,0.3554,0.7592,26.399,40.095,6.239,22.816,5.119,3.623,2.822,1.581,3.367,3.333,2.053,0.802,2.023,3.523,0.999,0.709,0.286,0.020,0.669,0.000,0.000,0.196,0.352,0.000,2.723,1.237,0.608,1.626,2.798,6.855,2.331,1.655,6.146,7.620,4.389,1.410,3.853,7.149,11.609,24.423,22.228,9.795,2.997,58.667,75.786,54.628,26.441,10.309
1721,197.381,0.6195,0.4203,348.194,0.3565,0.7559,13.947,23.013,5.942,13.539,6.318,13.002,5.523,7.432,19.966,14.037,8.755,3.127,13.022,20.812,1.100,3.364,2.946,2.072,2.838,2.738,5.720,4.632,3.025,0.508,2.549,2.336,1.888,1.645,1.439,6.212,1.704,2.426,6.849,7.404,5.325,1.561,4.071,7.666,10.559,24.554,23.115,9.656,2.781,58.838,75.537,53.244,26.205,10.629
1736,199.711,0.6170,0.4241,0.242,0.4110,0.4771,13.946,22.622,6.200,13.071,6.568,13.171,5.534,6.352,20.098,15.524,8.254,3.677,12.504,21.396,2.139,3.624,3.325,2.654,2.354,2.382,4.826,5.459,2.835,1.197,0.000,0.039,0.000,0.006,0.014,0.000,0.009,0.000,0.031,0.035,0.017,0.000,0.021,0.003,0.011,0.007,0.004,0.000,0.015,0.000,0.029,0.000,0.000,0.000
1755,201.364,0.6188,0.4219,0.275,0.3842,0.5586,13.972,23.154,6.404,13.940,7.116,13.344,4.945,7.777,19.985,14.013,8.859,2.924,12.083,21.887,2.237,3.640,3.364,1.313,3.225,2.607,5.552,5.545,2.562,0.918,0.000,0.009,0.004,0.008,0.000,0.014,0.027,0.000,0.038,0.027,0.000,0.025,0.015,0.000,0.000,0.000,0.005,0.039,0.000,0.019,0.041,0.000,0.004,0.000
1782,197.269,0.6175,0.4185,0.149,0.3713,0.6364,13.801,23.012,5.372,13.767,7.009,13.623,5.503,7.320,19.843,14.446,8.664,3.857,12.024,20.976,1.897,3.241,2.695,1.408,2.724,3.057,4.721,5.207,2.744,0.357,0.025,0.000,0.013,0.000,0.000,0.000,0.009,0.000,0.000,0.000,0.000,0.000,0.000,0.011,0.000,0.000,0.000,0.000,0.000,0.012,0.039,0.011,0.029,0.000
1794,195.846,0.6203,0.4199,0.104,0.4024,0.6061,14.109,22.766,6.145,13.885,6.239,12.025,4.777,7.716,20.063,14.553,7.803,3.448,11.536,21.316,2.153,3.108,3.098,2.392,2.810,1.995,5.085,5.369,2.873,0.582,0.000,0.001,0.000,0.007,0.007,0.021,0.000,0.000,0.000,0.006,0.000,0.000,0.000,0.000,0.000,0.001,0.000,0.008,0.018,0.000,0.023,0.000,0.000,0.012
1812,430.090,0.5914,0.7063,0.110,0.4303,0.3263,5.859,10.500,3.393,6.329,4.395,10.173,3.974,4.199,13.250,10.815,6.528,2.759,7.978,14.211,8.036,24.599,32.208,19.329,7.248,34.616,59.242,64.016,48.717,27.716,0.028,0.033,0.001,0.000,0.000,0.002,0.000,0.028,0.000,0.000,0.000,0.000,0.000,0.002,0.000,0.000,0.000,0.000,0.000,0.007,0.000,0.006,0.000,0.003
1831,430.061,0.5903,0.7061,0.248,0.4472,0.5819,5.754,10.756,3.376,6.029,3.988,10.329,3.313,4.747,13.190,10.599,7.245,2.038,8.744,14.789,8.464,25.246,32.146,18.632,7.013,35.385,59.520,64.168,47.925,26.665,0.004,0.000,0.000,0.025,0.023,0.010,0.000,0.000,0.000,0.000,0.002,0.011,0.014,0.014,0.000,0.024,0.047,0.000,0.029,0.000,0.000,0.033,0.012,0.000
1847,429.295,0.5897,0.7064,0.164,0.3874,0.6238,6.439,10.940,3.143,6.462,4.339,10.314,2.962,3.793,12.548,10.534,7.233,2.631,8.171,13.969,8.450,25.046,32.089,19.423,6.923,35.963,58.650,63.933,47.891,27.447,0.005,0.000,0.002,0.000,0.000,0.000,0.000,0.032,0.000,0.001,0.000,0.000,0.000,0.025,0.031,0.014,0.000,0.007,0.004,0.023,0.000,0.000,0.015,0.005
1871,430.119,0.5910,0.7051,0.193,0.4886,0.5510,6.481,11.102,3.925,6.106,3.476,9.752,4.238,4.691,13.265,9.881,6.466,2.114,9.107,14.611,8.162,24.925,32.155,19.156,6.567,35.490,59.100,63.643,48.433,27.274,0.000,0.000,0.000,0.018,0.025,0.000,0.000,0.000,0.053,0.000,0.000,0.000,0.000,0.000,0.000,0.014,0.029,0.000,0.004,0.000,0.000,0.040,0.000,0.009
1893,427.893,0.5905,0.7071,0.236,0.4250,0.5933,6.074,10.792,3.731,5.731,3.757,9.631,3.399,5.003,13.232,10.881,6.513,2.234,8.161,14.078,7.722,25.041,32.134,18.869,6.671,35.375,59.585,63.409,48.489,27.378,0.000,0.000,0.014,0.010,0.000,0.010,0.032,0.027,0.000,0.000,0.000,0.000,0.012,0.011,0.014,0.000,0.000,0.000,0.028,0.007,0.015,0.000,0.035,0.021
1908,345.805,0.5452,0.7602,0.161,0.4435,0.6202,0.624,2.564,1.439,2.032,1.433,6.402,2.362,2.327,6.754,6.711,4.649,1.212,3.891,7.237,12.091,25.468,21.671,9.143,2.528,60.378,73.104,51.963,27.706,12.118,0.019,0.000,0.000,0.004,0.000,0.000,0.000,0.010,0.002,0.000,0.023,0.000,0.004,0.000,0.002,0.000,0.000,0.041,0.000,0.000,0.000,0.000,0.050,0.006
1926,350.898,0.5464,0.7555,0.288,0.3316,0.5420,2.188,3.364,1.712,1.702,1.491,5.525,2.744,1.936,6.732,7.318,5.380,1.475,4.085,7.506,11.095,26.125,22.867,9.374,2.438,60.559,72.322,51.599,28.844,12.518,0.001,0.051,0.000,0.005,0.034,0.004,0.000,0.000,0.003,0.051,0.014,0.000,0.000,0.000,0.018,0.008,0.000,0.000,0.000,0.048,0.046,0.004,0.000,0.000
1942,347.016,0.5445,0.7582,0.143,0.3691,0.4638,0.698,2.809,1.954,1.539,1.365,7.472,1.916,2.341,6.972,7.378,5.115,0.986,3.340,7.482,11.849,25.394,21.590,8.874,3.031,60.222,72.755,52.106,28.344,11.482,0.026,0.012,0.012,0.000,0.019,0.000,0.000,0.004,0.000,0.006,0.000,0.002,0.000,0.000,0.008,0.014,0.000,0.013,0.000,0.000,0.026,0.000,0.000,0.000
1957,347.229,0.5468,0.7589,125.741,0.3928,0.2514,1.355,3.410,1.433,1.707,1.736,5.779,2.406,2.345,6.902,6.704,4.444,1.299,3.566,6.993,11.563,25.460,21.390,9.682,2.508,60.498,72.649,51.930,29.032,12.440,44.130,21.744,6.812,22.123,4.908,3.627,1.996,2.427,3.716,3.426,1.986,0.918,2.238,3.523,0.317,0.781,0.000,0.000,0.359,0.288,0.000,0.420,0.000,0.000
1974,347.400,0.5452,0.7594,126.848,0.3942,0.2490,1.779,3.226,1.164,1.498,1.294,6.773,2.018,1.785,6.419,7.225,5.080,0.792,3.503,7.361,11.111,25.265,22.002,10.115,2.594,61.197,72.584,51.939,28.642,12.036,44.244,22.453,7.033,23.291,4.401,3.438,2.107,2.827,3.124,3.326,1.856,0.750,2.466,3.729,0.415,0.119,0.000,0.392,0.474,0.106,0.295,0.000,0.000,0.000
1989,347.465,0.5446,0.7601,128.256,0.3943,0.2540,0.533,2.964,1.744,2.261,1.958,6.217,1.847,1.722,6.124,7.407,5.290,1.156,3.809,6.928,11.873,24.916,22.577,9.327,1.937,60.905,72.970,51.949,28.060,12.991,44.215,21.900,6.599,22.812,5.141,3.877,2.403,2.345,3.825,4.158,2.137,0.836,2.531,3.300,0.000,0.000,0.000,0.818,0.436,0.000,0.000,0.438,0.485,0.000
2003,349.695,0.5461,0.7566,198.546,0.4110,0.4169,1.421,2.452,1.738,1.900,1.519,6.915,2.154,1.888,7.323,6.934,4.725,1.238,4.064,7.912,12.495,24.738,22.792,9.637,3.382,60.791,72.645,51.985,27.473,11.572,24.851,13.189,5.529,13.726,6.643,13.616,5.451,7.460,19.427,14.097,8.375,3.312,12.594,21.663,1.981,2.935,3.108,2.671,3.028,2.847,5.663,4.179,2.073,0.128
2015,0.134,0.5568,0.4485,198.692,0.4129,0.4212,0.007,0.007,0.004,0.000,0.000,0.029,0.010,0.000,0.000,0.000,0.017,0.040,0.000,0.000,0.000,0.000,0.000,0.004,0.015,0.000,0.000,0.000,0.000,0.000,24.982,13.315,5.201,13.068,7.296,12.499,6.381,6.952,18.941,14.450,7.846,3.174,12.789,21.494,2.066,2.524,3.406,2.029,3.140,2.644,5.693,5.442,2.789,0.570
2029,0.177,0.6025,0.5900,196.331,0.4106,0.4198,0.000,0.030,0.000,0.000,0.000,0.013,0.000,0.000,0.000,0.013,0.013,0.000,0.018,0.000,0.000,0.000,0.031,0.000,0.000,0.006,0.016,0.000,0.001,0.037,24.343,13.031,5.932,12.828,7.055,13.313,5.147,6.570,18.976,14.258,7.964,3.602,13.002,21.596,2.258,2.434,2.848,2.871,1.933,2.909,5.594,5.110,1.727,1.033
2048,0.190,0.6080,0.4703,198.585,0.4087,0.4167,0.034,0.000,0.014,0.010,0.008,0.000,0.019,0.000,0.000,0.000,0.002,0.000,0.004,0.040,0.000,0.021,0.000,0.010,0.000,0.000,0.000,0.027,0.000,0.001,24.724,12.540,6.066,13.314,7.780,13.360,5.619,6.592,20.014,14.903,9.066,3.308,12.292,20.863,1.412,3.562,3.510,1.733,2.791,2.992,4.991,5.097,1.845,0.211
2063,0.142,0.5136,0.5646,201.366,0.4104,0.4253,0.000,0.009,0.022,0.000,0.000,0.022,0.000,0.002,0.000,0.000,0.016,0.000,0.006,0.000,0.000,0.015,0.003,0.000,0.000,0.000,0.014,0.029,0.001,0.004,24.706,13.249,5.464,13.543,6.703,13.677,5.750,7.231,19.208,14.391,8.519,2.737,12.669,21.196,1.647,2.698,3.250,3.019,2.935,3.592,6.000,5.935,2.416,0.832
2078,0.132,0.6156,0.4618,197.447,0.4128,0.4182,0.000,0.010,0.000,0.022,0.000,0.006,0.020,0.000,0.000,0.017,0.000,0.000,0.012,0.018,0.000,0.008,0.000,0.002,0.008,0.000,0.000,0.000,0.009,0.000,24.778,13.181,5.162,13.208,6.881,12.910,5.713,7.103,19.500,13.658,8.438,3.483,12.855,22.104,2.042,3.154,2.999,1.927,2.831,2.580,5.900,4.972,1.923,0.146
2094,0.086,0.5281,0.5311,431.009,0.3958,0.7037,0.000,0.000,0.032,0.000,0.001,0.000,0.000,0.005,0.007,0.000,0.000,0.000,0.001,0.000,0.000,0.012,0.000,0.000,0.000,0.000,0.016,0.008,0.000,0.004,10.727,6.598,3.491,6.622,4.373,9.829,4.206,3.852,13.351,10.529,6.605,2.921,8.777,14.758,7.920,23.923,32.931,19.718,7.373,38.595,61.943,63.370,45.359,23.236
2106,0.194,0.5829,0.4671,430.786,0.3956,0.7040,0.000,0.000,0.000,0.053,0.002,0.023,0.025,0.000,0.020,0.000,0.000,0.000,0.009,0.000,0.019,0.000,0.015,0.000,0.011,0.001,0.000,0.017,0.000,0.000,11.084,6.863,3.716,6.268,4.476,9.332,3.990,4.506,12.093,10.494,5.967,2.826,9.422,14.957,8.085,24.692,32.446,20.003,6.641,38.276,62.615,63.025,45.384,23.628
2120,0.133,0.7050,0.6399,432.869,0.3951,0.7039,0.000,0.000,0.000,0.006,0.007,0.000,0.000,0.000,0.005,0.000,0.000,0.000,0.034,0.000,0.000,0.004,0.000,0.019,0.017,0.009,0.010,0.000,0.000,0.023,10.739,5.876,3.753,7.285,4.671,10.064,3.416,4.284,13.001,10.112,6.410,2.943,8.727,14.823,9.037,24.337,33.004,20.207,7.543,38.533,62.713,63.181,45.288,22.923
2136,0.158,0.5401,0.5574,430.594,0.3955,0.7051,0.021,0.000,0.000,0.000,0.019,0.000,0.000,0.000,0.004,0.000,0.044,0.000,0.000,0.000,0.000,0.011,0.000,0.013,0.000,0.014,0.030,0.002,0.000,0.000,10.992,6.280,3.103,6.435,4.757,9.581,3.532,4.178,13.592,11.153,6.021,2.717,8.248,14.040,8.060,24.517,32.755,20.361,6.990,38.766,62.292,63.466,44.830,23.929
2150,0.212,0.5829,0.4135,430.705,0.3959,0.7041,0.027,0.012,0.015,0.036,0.011,0.009,0.011,0.000,0.000,0.000,0.000,0.001,0.000,0.041,0.006,0.026,0.000,0.000,0.000,0.013,0.000,0.004,0.000,0.000,11.150,6.042,3.405,6.355,4.782,10.088,4.253,4.756,13.377,10.344,6.606,2.782,8.347,13.642,7.418,23.684,32.693,20.109,7.525,38.770,62.313,63.202,44.569,24.491
2166,0.325,0.5946,0.5265,429.888,0.3955,0.7072,0.000,0.000,0.023,0.002,0.017,0.017,0.016,0.021,0.026,0.000,0.019,0.006,0.030,0.018,0.059,0.000,0.005,0.038,0.003,0.000,0.010,0.005,0.008,0.000,10.340,6.266,3.632,6.476,3.830,9.289,3.830,4.336,13.136,9.791,6.785,2.363,8.703,14.331,8.757,24.063,31.759,20.491,6.977,38.870,62.903,63.395,45.606,23.961
2191,0.184,0.4992,0.5157,348.025,0.3566,0.7550,0.000,0.000,0.002,0.005,0.000,0.017,0.035,0.000,0.000,0.039,0.037,0.000,0.000,0.000,0.001,0.000,0.011,0.026,0.000,0.000,0.010,0.000,0.000,0.000,2.949,2.039,1.493,1.532,2.225,6.216,2.283,2.624,6.605,7.403,4.809,1.872,3.647,7.704,11.015,24.648,22.356,10.043,2.641,58.283,75.345,53.770,26.271,10.254
2207,0.274,0.5679,0.4880,347.323,0.3547,0.7579,0.009,0.000,0.000,0.000,0.057,0.011,0.030,0.009,0.000,0.050,0.011,0.031,0.000,0.000,0.002,0.001,0.008,0.013,0.000,0.000,0.026,0.006,0.000,0.009,2.324,1.679,1.781,1.804,1.925,6.799,2.654,1.268,6.164,7.365,4.235,1.508,4.515,7.020,11.456,25.067,22.359,10.315,2.463,58.887,74.865,54.244,25.895,10.732
2229,124.545,0.5909,0.2520,346.802,0.3556,0.7567,25.590,40.107,5.255,22.135,5.333,3.793,3.300,1.593,3.132,3.850,1.941,0.454,2.367,3.160,0.203,0.000,0.556,0.366,0.780,0.228,0.178,0.000,0.000,0.224,1.930,1.917,1.386,2.970,1.760,6.694,1.894,2.209,6.630,7.282,4.967,1.187,4.206,7.018,10.642,25.367,22.191,10.278,2.214,58.338,75.352,53.644,26.844,9.882
2244,125.026,0.5901,0.2526,346.224,0.3557,0.7578,25.763,39.731,5.730,22.911,5.111,3.478,2.757,2.448,2.835,3.289,1.939,0.091,2.827,3.370,0.709,0.228,0.194,0.243,0.385,0.000,0.168,0.819,0.000,0.000,2.075,2.054,1.338,1.776,1.881,6.480,3.045,2.091,5.051,7.604,4.332,1.893,4.599,7.310,11.080,24.053,22.086,9.843,3.684,59.303,74.635,53.136,26.609,10.266
2259,124.751,0.5905,0.2532,346.936,0.3565,0.7584,25.126,40.388,5.355,22.728,4.900,3.571,2.857,1.805,3.095,3.702,2.311,1.075,1.925,3.338,0.514,0.098,0.000,0.323,0.786,0.006,0.532,0.057,0.256,0.000,2.453,2.153,1.623,1.326,1.368,6.712,2.199,1.901,6.779,7.017,4.458,1.579,3.758,7.204,11.009,24.620,22.552,10.057,3.113,58.238,75.702,53.703,26.726,10.689
2272,127.879,0.5891,0.2567,348.384,0.3558,0.7573,25.418,40.104,6.118,22.185,5.465,2.994,3.477,1.972,3.548,4.271,2.426,1.472,2.358,3.741,0.852,0.212,0.000,0.547,0.000,0.549,0.000,0.073,0.000,0.097,2.632,1.927,1.633,1.746,1.866,6.578,2.220,1.322,5.864,6.971,4.800,1.681,4.597,7.253,11.696,24.725,23.073,10.781,2.978,58.489,75.215,53.784,26.125,10.426
2284,199.692,0.6136,0.4171,351.920,0.3579,0.7541,14.889,23.590,7.155,13.178,6.277,12.949,6.235,7.145,19.451,14.744,9.152,3.334,11.372,21.324,2.764,2.426,3.528,1.569,2.661,2.095,5.339,5.499,2.723,0.296,2.659,2.295,1.074,1.898,2.050,6.525,2.961,2.233,7.101,7.121,4.730,0.920,5.241,7.654,11.563,24.804,22.823,10.354,2.808,58.685,75.800,53.278,26.116,11.227
2300,199.009,0.6157,0.4218,0.149,0.4713,0.4287,13.850,23.087,6.077,13.650,6.156,12.831,5.955,7.136,19.293,14.785,9.791,2.745,12.274,21.948,2.216,3.439,3.190,2.369,1.497,2.212,5.282,5.425,2.948,0.855,0.000,0.038,0.005,0.005,0.000,0.000,0.000,0.015,0.000,0.000,0.000,0.000,0.037,0.024,0.014,0.000,0.000,0.000,0.000,0.005,0.006,0.000,0.000,0.000
2314,194.970,0.6164,0.4152,0.251,0.3882,0.5954,14.359,23.824,6.152,12.953,5.918,13.593,5.527,7.265,19.968,14.232,8.713,3.287,11.394,20.866,1.501,3.008,2.488,1.840,2.268,2.850,4.571,5.346,2.490,0.556,0.029,0.000,0.022,0.000,0.004,0.000,0.000,0.004,0.000,0.001,0.014,0.027,0.000,0.019,0.000,0.024,0.014,0.000,0.000,0.016,0.000,0.022,0.045,0.009
2337,196.179,0.6166,0.4182,0.151,0.3176,0.5017,14.395,23.366,6.659,13.439,6.367,12.937,4.798,6.884,19.401,14.068,8.844,3.218,11.500,21.392,1.724,4.068,3.192,1.667,2.223,2.007,5.293,4.891,3.075,0.770,0.003,0.000,0.036,0.000,0.000,0.012,0.016,0.002,0.000,0.000,0.000,0.000,0.019,0.000,0.019,0.021,0.006,0.000,0.007,0.000,0.000,0.000,0.000,0.011
2354,201.572,0.6178,0.4288,0.110,0.4062,0.6532,14.284,22.102,6.157,13.837,6.843,13.298,5.559,6.224,19.138,13.495,8.615,3.230,12.804,21.983,2.598,4.145,3.997,2.064,2.821,2.380,5.515,6.110,2.818,1.558,0.000,0.000,0.000,0.000,0.001,0.000,0.000,0.000,0.000,0.017,0.000,0.015,0.021,0.000,0.000,0.000,0.000,0.010,0.007,0.015,0.000,0.000,0.024,0.000
2369,432.560,0.5898,0.7045,0.186,0.4169,0.5119,6.813,10.088,3.456,6.267,4.555,9.914,4.023,4.050,13.643,10.916,6.840,2.930,7.661,14.366,9.219,25.726,32.311,19.498,7.489,35.528,58.744,63.681,47.828,27.015,0.000,0.027,0.000,0.000,0.045,0.000,0.000,0.000,0.005,0.000,0.009,0.000,0.000,0.011,0.040,0.004,0.010,0.000,0.000,0.005,0.022,0.000,0.000,0.009
2387,430.436,0.5898,0.7053,0.308,0.4205,0.5935,6.174,10.454,3.896,6.246,3.345,10.440,2.987,4.745,13.515,11.435,7.007,3.063,7.594,14.679,7.862,25.081,32.551,19.329,7.189,35.639,58.817,63.337,48.346,26.705,0.000,0.016,0.002,0.023,0.012,0.000,0.006,0.008,0.021,0.000,0.006,0.000,0.039,0.000,0.008,0.056,0.000,0.026,0.000,0.019,0.001,0.040,0.022,0.003
2398,429.832,0.5910,0.7031,0.254,0.4049,0.5627,6.333,10.981,3.510,6.843,4.091,9.775,3.966,5.066,12.839,10.635,6.933,2.127,8.582,14.693,8.689,24.645,31.992,20.255,6.937,34.670,58.927,62.646,48.122,26.575,0.000,0.013,0.014,0.000,0.032,0.034,0.011,0.010,0.021,0.000,0.000,0.000,0.000,0.000,0.000,0.005,0.000,0.010,0.000,0.022,0.040,0.000,0.010,0.031
2412,431.897,0.5896,0.7045,0.147,0.3977,0.5404,7.402,9.891,4.013,6.083,4.051,9.902,3.633,4.772,13.351,11.735,7.168,2.047,8.345,14.161,8.266,24.700,31.769,19.150,7.082,35.317,59.028,63.486,49.107,27.439,0.002,0.024,0.000,0.000,0.000,0.000,0.000,0.002,0.000,0.037,0.020,0.000,0.000,0.020,0.000,0.000,0.000,0.000,0.000,0.000,0.007,0.000,0.016,0.019
2425,427.691,0.5906,0.7067,0.153,0.3844,0.5847,6.258,10.437,4.131,6.432,3.885,9.806,3.441,4.313,12.894,10.616,5.455,2.010,8.670,14.016,8.362,24.775,32.550,19.322,6.942,35.228,58.791,63.699,48.188,27.471,0.000,0.000,0.000,0.000,0.000,0.032,0.000,0.000,0.000,0.000,0.026,0.000,0.000,0.037,0.000,0.015,0.000,0.008,0.001,0.006,0.000,0.011,0.017,0.000
2439,428.323,0.5895,0.7057,0.114,0.4453,0.5643,6.487,10.683,4.293,6.091,2.761,9.836,3.553,4.578,13.546,10.840,7.147,2.077,7.794,14.803,8.444,24.652,32.051,19.341,6.345,35.793,58.728,62.512,48.730,27.239,0.002,0.000,0.000,0.002,0.000,0.000,0.000,0.030,0.000,0.000,0.019,0.000,0.001,0.016,0.000,0.003,0.003,0.000,0.016,0.013,0.000,0.000,0.008,0.000
2456,428.919,0.5907,0.7048,0.248,0.3743,0.4841,5.812,9.719,4.280,6.372,4.137,10.108,4.128,4.894,13.496,11.127,6.178,2.158,8.655,14.767,8.164,24.763,31.963,19.288,6.934,35.340,58.387,63.281,48.150,26.818,0.020,0.000,0.000,0.037,0.000,0.000,0.018,0.016,0.019,0.016,0.000,0.045,0.006,0.000,0.000,0.042,0.000,0.000,0.004,0.000,0.000,0.026,0.000,0.000
2475,348.792,0.5468,0.7550,0.274,0.3729,0.5483,1.588,3.164,2.315,1.694,2.167,5.723,2.301,2.288,6.658,6.863,5.309,1.971,4.447,7.510,11.706,24.672,21.618,9.494,2.198,60.029,72.573,51.878,28.372,12.255,0.024,0.013,0.000,0.000,0.000,0.000,0.037,0.013,0.000,0.030,0.021,0.022,0.000,0.019,0.005,0.000,0.003,0.000,0.008,0.006,0.021,0.014,0.039,0.000
2490,349.605,0.5466,0.7578,0.103,0.4276,0.5874,1.777,2.572,1.312,1.695,1.945,6.296,2.356,2.150,5.711,6.926,4.632,1.878,4.677,7.710,11.729,25.864,22.380,9.404,2.775,60.232,72.821,51.479,28.100,13.185,0.000,0.000,0.000,0.021,0.000,0.014,0.000,0.000,0.000,0.006,0.000,0.003,0.000,0.000,0.000,0.000,0.014,0.000,0.021,0.000,0.000,0.000,0.025,0.000
2508,349.014,0.5466,0.7567,128.077,0.3944,0.2574,1.601,2.590,1.624,1.848,1.812,6.401,2.313,2.369,6.792,7.615,5.119,1.448,3.299,7.415,11.676,24.883,22.523,9.763,2.894,59.482,72.692,51.685,28.474,12.694,44.553,22.032,6.154,21.912,4.639,3.822,2.667,2.839,4.369,3.483,1.397,0.871,2.089,3.733,0.508,0.745,0.000,0.461,0.261,0.116,0.733,0.591,0.099,0.000
2528,349.090,0.5453,0.7577,125.562,0.3952,0.2539,1.359,2.954,1.730,1.939,1.707,6.642,2.375,1.900,6.322,6.846,5.463,1.359,3.411,7.088,12.334,25.237,21.970,9.724,2.997,60.479,72.441,51.671,28.359,12.783,43.858,21.605,5.736,22.497,4.658,4.049,1.992,2.799,3.588,3.390,1.791,1.435,1.854,3.778,0.392,0.000,0.323,0.341,0.756,0.271,0.067,0.381,0.000,0.000
2544,345.669,0.5450,0.7583,124.136,0.3901,0.2542,1.462,2.634,1.331,1.595,2.241,7.024,2.633,1.975,5.826,6.433,4.772,1.832,4.252,6.430,11.614,24.894,21.729,9.690,3.103,60.277,72.969,51.390,28.010,11.552,43.705,21.395,6.609,22.217,4.265,3.792,2.275,2.715,3.406,3.443,1.727,0.403,1.411,3.385,1.010,0.000,0.000,0.916,0.005,0.000,0.623,0.499,0.333,0.000
2559,346.950,0.5456,0.7583,196.159,0.4118,0.4228,1.546,2.671,1.744,1.353,2.358,6.420,1.628,2.217,6.076,7.568,4.107,1.518,4.488,7.119,11.552,25.275,22.086,9.755,2.359,60.671,71.910,52.070,28.094,12.365,23.662,13.051,5.017,13.789,7.377,12.532,4.809,6.641,19.046,14.387,8.490,3.565,12.682,21.108,2.119,2.799,3.077,2.466,2.527,3.707,5.338,4.802,2.578,0.590
2571,0.110,0.6007,0.5521,201.207,0.4099,0.4215,0.013,0.000,0.000,0.000,0.000,0.000,0.019,0.000,0.004,0.000,0.000,0.024,0.000,0.000,0.002,0.004,0.014,0.012,0.001,0.000,0.000,0.000,0.019,0.000,24.812,12.622,5.973,13.454,7.454,13.963,5.335,7.751,19.626,14.089,7.956,3.133,12.346,21.984,2.151,4.128,2.518,2.388,2.200,2.813,6.115,5.279,2.065,1.049
2586,0.185,0.6449,0.5107,200.031,0.4108,0.4168,0.004,0.000,0.000,0.029,0.000,0.015,0.000,0.022,0.032,0.000,0.005,0.005,0.008,0.000,0.004,0.000,0.000,0.003,0.022,0.000,0.029,0.000,0.007,0.000,24.564,13.410,6.180,13.933,6.284,13.625,5.700,7.099,20.173,14.160,8.896,3.053,12.747,21.733,2.469,2.650,3.259,1.767,3.090,1.908,5.553,5.419,1.818,0.539
2601,0.174,0.5622,0.4997,200.291,0.4086,0.4243,0.000,0.000,0.041,0.000,0.000,0.000,0.000,0.000,0.018,0.001,0.049,0.000,0.000,0.025,0.000,0.009,0.007,0.000,0.000,0.000,0.023,0.000,0.001,0.000,24.024,12.694,6.297,13.733,6.812,13.683,5.122,6.984,19.502,14.719,8.590,3.049,12.741,21.190,2.213,2.564,3.258,2.039,2.978,3.062,6.348,5.533,2.741,0.415
2620,0.182,0.5045,0.4752,198.670,0.4110,0.4167,0.003,0.011,0.013,0.013,0.002,0.028,0.035,0.000,0.000,0.021,0.000,0.000,0.000,0.000,0.000,0.017,0.017,0.000,0.002,0.000,0.000,0.021,0.000,0.000,24.447,13.707,6.125,13.442,6.827,13.450,4.778,7.665,19.131,14.005,9.415,2.921,12.956,21.658,1.604,3.165,2.852,2.477,2.754,2.762,5.993,4.490,1.443,0.601
2637,0.226,0.6430,0.4932,198.322,0.4091,0.4162,0.000,0.026,0.006,0.003,0.047,0.000,0.022,0.000,0.019,0.000,0.000,0.000,0.000,0.000,0.021,0.000,0.028,0.007,0.013,0.000,0.000,0.036,0.000,0.000,24.993,12.828,5.895,14.021,6.885,13.761,6.010,6.813,20.011,13.925,7.774,2.473,13.113,20.767,2.286,3.299,3.455,2.912,2.110,2.780,5.391,4.931,1.594,0.295
2658,0.112,0.5474,0.5872,431.081,0.3947,0.7051,0.000,0.000,0.000,0.000,0.011,0.028,0.000,0.000,0.000,0.005,0.013,0.000,0.002,0.000,0.000,0.000,0.013,0.001,0.008,0.011,0.000,0.009,0.012,0.000,10.787,5.628,3.842,5.959,4.491,10.273,3.544,4.603,12.887,11.245,6.818,2.710,8.371,14.540,7.489,24.393,32.110,20.925,7.342,38.583,62.632,63.536,45.200,23.174
2668,0.216,0.5960,0.4469,426.149,0.3973,0.7085,0.000,0.044,0.000,0.000,0.017,0.000,0.030,0.000,0.000,0.000,0.031,0.002,0.000,0.031,0.041,0.000,0.016,0.000,0.003,0.000,0.000,0.000,0.000,0.000,9.985,6.268,3.548,5.788,5.014,9.146,3.204,4.415,13.202,9.695,5.861,2.449,8.075,13.899,7.432,23.719,32.407,20.593,7.154,38.888,62.621,63.431,45.370,23.985
2692,0.129,0.7418,0.5965,429.371,0.3957,0.7063,0.000,0.000,0.000,0.004,0.000,0.000,0.000,0.010,0.018,0.000,0.000,0.009,0.000,0.024,0.002,0.001,0.001,0.000,0.031,0.007,0.004,0.000,0.019,0.000,11.187,6.128,3.283,6.565,3.609,9.159,3.332,4.047,13.579,10.788,6.626,2.661,8.352,14.376,7.874,24.496,32.560,20.565,6.782,38.588,61.889,63.519,45.201,24.205
2703,0.108,0.6164,0.4984,434.187,0.3950,0.7033,0.014,0.000,0.000,0.000,0.011,0.004,0.000,0.000,0.005,0.008,0.012,0.000,0.003,0.014,0.000,0.000,0.021,0.009,0.000,0.000,0.005,0.000,0.000,0.003,10.686,6.548,3.703,6.197,4.348,10.224,4.506,5.153,12.449,11.352,6.894,3.084,8.342,14.692,7.923,24.023,32.303,20.710,7.318,38.472,62.097,63.945,45.278,23.939
2726,0.110,0.5489,0.4300,428.216,0.3965,0.7064,0.000,0.000,0.022,0.006,0.022,0.022,0.000,0.000,0.002,0.000,0.000,0.000,0.000,0.001,0.009,0.008,0.000,0.008,0.007,0.000,0.003,0.000,0.000,0.000,10.991,5.671,3.114,6.905,4.689,9.284,3.488,4.207,12.581,10.608,6.354,1.892,8.477,14.779,7.593,24.173,32.442,20.342,7.693,38.648,62.115,63.370,45.120,23.680
2737,0.210,0.5738,0.4599,427.100,0.3957,0.7066,0.019,0.000,0.035,0.003,0.024,0.000,0.000,0.000,0.008,0.039,0.000,0.000,0.018,0.026,0.000,0.002,0.000,0.000,0.000,0.000,0.017,0.011,0.009,0.000,10.357,5.704,2.922,6.508,3.875,9.536,3.648,5.211,12.946,10.165,6.842,2.478,8.448,14.641,7.675,24.391,32.299,20.316,7.385,38.267,62.746,63.713,43.725,23.302
2752,0.099,0.6433,0.6154,347.260,0.3555,0.7594,0.000,0.006,0.000,0.000,0.000,0.007,0.000,0.000,0.000,0.010,0.000,0.000,0.000,0.000,0.000,0.010,0.024,0.000,0.038,0.000,0.003,0.000,0.000,0.000,2.180,1.329,1.815,1.313,1.395,7.042,2.465,1.763,6.184,6.554,4.225,1.899,4.175,7.576,11.635,24.578,22.868,10.214,3.511,58.951,75.743,53.570,26.099,10.179
2768,0.204,0.6395,0.5328,346.078,0.3558,0.7570,0.000,0.021,0.000,0.000,0.000,0.016,0.026,0.010,0.002,0.000,0.000,0.023,0.033,0.013,0.000,0.000,0.002,0.000,0.009,0.005,0.021,0.000,0.006,0.017,2.036,2.590,1.732,1.715,1.297,7.223,2.725,1.627,6.569,6.608,4.653,1.138,3.995,7.289,11.072,24.545,23.061,10.081,2.452,57.809,75.741,53.572,25.704,10.845
2787,122.625,0.5916,0.2474,348.317,0.3570,0.7576,25.411,40.171,5.208,22.890,4.855,3.407,2.515,1.921,3.219,3.395,1.480,0.870,1.921,3.773,0.147,0.545,0.000,0.000,0.177,0.000,0.721,0.000,0.000,0.000,2.473,1.407,1.684,2.010,2.073,6.712,2.316,2.247,6.770,7.161,3.561,1.497,4.369,6.825,11.309,24.512,22.169,10.474,3.178,58.862,75.001,54.099,26.598,11.011
2809,126.579,0.5907,0.2520,345.412,0.3539,0.7586,26.081,40.027,6.107,23.231,4.478,3.252,3.449,1.839,3.285,2.951,2.449,0.797,2.811,3.673,0.668,0.132,0.000,0.378,0.484,0.040,0.053,0.110,0.185,0.096,2.599,1.176,1.727,1.698,2.006,6.552,2.095,2.011,6.051,7.612,4.238,1.193,4.106,6.912,11.597,24.951,22.646,10.282,2.425,58.875,75.200,53.331,25.666,10.461
2824,126.065,0.5903,0.2533,345.114,0.3548,0.7576,26.019,40.612,5.606,22.749,4.407,3.758,2.337,2.122,3.190,3.915,1.889,0.619,2.401,3.952,0.000,1.192,0.000,0.000,0.286,0.000,0.000,0.474,0.000,0.537,2.357,1.856,1.189,1.698,1.405,6.655,2.741,2.687,7.088,6.985,4.553,1.256,3.952,6.983,11.269,24.292,22.628,9.893,1.885,58.762,75.350,53.299,26.509,9.823
2841,200.029,0.6193,0.4208,345.028,0.3559,0.7588,15.126,23.198,6.564,13.140,5.897,13.093,5.280,7.526,19.455,13.821,8.624,3.683,12.307,22.360,1.908,3.548,2.244,2.324,2.999,2.231,5.359,5.253,2.713,1.378,2.173,2.273,1.184,1.594,1.637,6.569,2.346,1.894,6.253,6.762,4.264,0.828,4.100,7.439,11.421,25.280,22.569,9.871,3.301,58.703,75.137,53.609,25.861,9.960
2857,198.455,0.6133,0.4283,0.142,0.4838,0.5560,14.651,22.335,5.365,13.376,6.041,13.489,4.860,6.818,19.191,14.341,8.486,3.049,11.931,21.340,2.673,4.278,3.858,1.979,2.049,3.339,5.405,6.037,2.639,0.928,0.000,0.019,0.000,0.000,0.002,0.000,0.000,0.017,0.008,0.000,0.024,0.000,0.000,0.000,0.000,0.006,0.012,0.000,0.031,0.000,0.005,0.000,0.000,0.019
2878,199.418,0.6187,0.4216,0.210,0.4432,0.5399,14.478,22.932,5.873,14.280,7.071,12.528,5.055,7.160,18.917,14.186,8.756,3.197,12.189,21.735,1.638,4.240,3.450,2.625,2.765,2.436,5.259,5.381,2.807,0.459,0.000,0.000,0.011,0.000,0.000,0.014,0.000,0.033,0.033,0.014,0.005,0.011,0.000,0.000,0.000,0.000,0.035,0.000,0.028,0.003,0.000,0.000,0.000,0.021
2889,194.012,0.6191,0.4183,0.097,0.3468,0.5737,13.618,23.187,5.853,13.990,6.522,12.900,5.277,6.352,19.597,14.426,7.984,2.305,12.035,21.262,1.931,3.026,2.881,2.362,2.959,2.526,4.916,5.395,2.675,0.034,0.000,0.000,0.000,0.030,0.000,0.000,0.000,0.000,0.000,0.004,0.000,0.016,0.000,0.000,0.011,0.000,0.002,0.004,0.000,0.000,0.024,0.007,0.000,0.000
2913,201.813,0.6150,0.4261,0.202,0.3790,0.5275,14.562,22.592,5.885,13.252,6.955,13.416,5.515,6.355,19.189,15.127,8.672,3.985,12.153,21.700,2.136,4.129,2.726,2.803,3.252,2.874,5.794,6.169,2.563,0.008,0.025,0.000,0.001,0.013,0.000,0.000,0.000,0.003,0.000,0.033,0.026,0.000,0.000,0.027,0.015,0.000,0.000,0.000,0.032,0.012,0.000,0.000,0.014,0.000
2928,430.238,0.5905,0.7073,0.247,0.4158,0.5796,6.610,10.379,3.573,5.854,3.390,10.070,3.918,4.070,13.275,10.440,6.764,1.487,8.441,14.517,8.113,25.579,32.424,20.144,6.867,35.335,59.156,63.644,48.776,27.410,0.000,0.000,0.013,0.000,0.002,0.008,0.001,0.017,0.037,0.000,0.025,0.023,0.000,0.000,0.015,0.007,0.028,0.000,0.026,0.000,0.018,0.000,0.028,0.000
2948,429.899,0.5908,0.7072,0.187,0.3785,0.4869,6.052,10.061,3.461,6.608,3.692,9.522,3.444,4.862,12.818,10.393,7.048,1.968,8.842,14.888,8.651,25.329,32.173,19.793,6.044,34.966,58.963,63.807,49.271,27.242,0.021,0.030,0.000,0.000,0.000,0.000,0.000,0.040,0.003,0.000,0.021,0.006,0.004,0.000,0.010,0.000,0.000,0.000,0.002,0.030,0.000,0.018,0.001,0.000
2961,430.235,0.5906,0.7056,0.182,0.4344,0.5974,6.619,10.286,3.825,6.303,4.377,9.716,3.973,4.294,13.672,10.245,6.935,2.175,7.296,14.084,8.340,25.408,31.922,19.991,7.208,35.248,59.224,63.337,48.545,27.212,0.000,0.000,0.014,0.016,0.016,0.000,0.000,0.000,0.000,0.003,0.000,0.002,0.019,0.023,0.000,0.012,0.000,0.000,0.008,0.023,0.004,0.024,0.013,0.005
2983,430.404,0.5908,0.7045,0.191,0.4194,0.5370,5.686,11.214,4.211,5.816,4.075,9.479,3.843,4.990,13.674,11.227,6.988,2.820,7.943,14.641,8.024,25.291,31.645,18.749,6.498,35.130,58.808,63.710,48.131,27.808,0.000,0.000,0.000,0.009,0.012,0.003,0.009,0.000,0.011,0.011,0.026,0.036,0.026,0.007,0.004,0.000,0.000,0.000,0.000,0.000,0.007,0.005,0.000,0.026
3008,428.887,0.5889,0.7054,0.316,0.3958,0.5733,6.271,10.796,4.551,6.411,3.326,9.753,3.439,4.321,13.094,10.868,7.148,2.288,8.331,14.276,8.496,24.782,32.012,19.502,5.844,35.393,58.874,64.078,47.560,27.471,0.000,0.000,0.036,0.037,0.012,0.018,0.000,0.000,0.000,0.000,0.000,0.000,0.011,0.028,0.050,0.001,0.000,0.039,0.007,0.005,0.004,0.034,0.001,0.033
3028,348.760,0.5462,0.7586,0.212,0.3536,0.4705,0.878,2.554,1.568,1.276,1.952,6.674,2.798,1.793,6.223,7.057,4.810,1.755,4.249,8.078,12.620,24.871,21.684,9.688,2.581,60.310,72.366,52.005,28.349,12.620,0.052,0.000,0.000,0.006,0.000,0.007,0.000,0.044,0.000,0.019,0.000,0.000,0.000,0.006,0.014,0.018,0.001,0.014,0.004,0.000,0.002,0.024,0.000,0.000
3044,347.313,0.5454,0.7567,0.255,0.3690,0.6092,1.589,2.747,1.904,2.053,2.058,6.455,1.830,2.233,6.379,7.619,4.214,1.617,3.636,6.933,11.637,25.575,22.738,9.319,2.825,59.669,72.238,51.715,28.248,12.082,0.000,0.014,0.015,0.000,0.000,0.000,0.000,0.018,0.000,0.057,0.017,0.000,0.000,0.000,0.000,0.008,0.013,0.019,0.019,0.019,0.000,0.000,0.043,0.014
3065,346.833,0.5441,0.7568,126.471,0.3976,0.2558,1.759,2.850,2.667,1.690,2.238,6.945,1.389,1.922,6.414,7.048,3.770,1.632,3.947,6.796,12.115,24.948,22.542,9.130,2.167,60.575,72.432,51.640,27.826,12.391,44.337,21.671,5.715,22.722,4.217,3.324,2.946,3.057,3.967,3.389,1.422,0.361,2.349,3.538,0.296,0.131,0.357,0.486,1.002,0.528,0.000,0.053,0.000,0.602
3077,348.669,0.5461,0.7571,125.063,0.3921,0.2519,0.847,2.945,2.460,1.865,1.925,6.916,2.234,1.519,6.964,7.546,4.125,0.964,4.145,7.154,11.792,25.104,22.147,9.958,2.668,59.938,72.968,51.263,28.520,12.704,44.161,21.752,6.272,22.805,4.616,3.655,1.698,2.313,3.135,3.409,2.144,0.364,2.234,3.993,1.057,0.093,0.009,0.077,0.371,0.382,0.218,0.303,0.000,0.000
3099,346.968,0.5461,0.7595,127.723,0.3949,0.2531,1.320,2.645,1.684,2.140,1.350,6.529,1.847,1.621,7.081,6.583,4.578,1.459,3.719,7.000,11.933,25.402,22.167,9.203,2.928,60.213,72.399,52.145,28.183,12.836,44.278,21.474,6.645,23.117,4.488,3.323,3.139,2.985,3.818,3.144,2.090,0.846,2.394,3.780,0.181,0.000,0.830,0.445,0.275,0.000,0.470,0.000,0.000,0.000
3119,347.356,0.5436,0.7585,200.084,0.4105,0.4212,1.258,3.457,2.529,1.251,1.321,6.260,2.098,1.660,5.870,8.121,4.600,0.873,3.424,7.614,12.113,25.381,22.003,9.624,2.651,60.778,72.464,51.638,28.183,12.186,24.184,12.349,5.860,13.664,7.267,13.385,6.335,7.008,19.482,14.254,8.636,3.136,12.615,21.859,2.564,2.871,3.320,2.118,3.159,2.084,5.851,5.736,1.968,0.379
3137,0.186,0.5772,0.5458,196.823,0.4107,0.4166,0.000,0.005,0.000,0.041,0.000,0.026,0.000,0.000,0.000,0.000,0.000,0.027,0.000,0.007,0.000,0.005,0.014,0.019,0.000,0.002,0.014,0.028,0.000,0.000,25.086,12.529,5.936,13.623,6.651,13.140,5.454,7.042,18.827,14.631,8.463,3.311,12.740,21.555,1.537,3.277,3.298,2.106,2.806,2.566,4.277,4.611,2.342,1.016
3155,0.240,0.6792,0.5685,199.610,0.4126,0.4206,0.000,0.000,0.000,0.013,0.017,0.000,0.022,0.000,0.043,0.008,0.015,0.000,0.000,0.000,0.000,0.000,0.016,0.021,0.035,0.023,0.000,0.000,0.000,0.027,24.338,13.475,5.601,12.936,7.662,13.610,5.574,7.155,19.364,13.491,9.004,3.962,11.885,22.131,1.263,3.291,2.955,2.421,2.018,2.988,5.470,5.824,2.249,0.943
3180,0.235,0.5336,0.5941,197.990,0.4093,0.4214,0.012,0.000,0.000,0.023,0.000,0.000,0.018,0.004,0.000,0.000,0.032,0.012,0.000,0.000,0.029,0.042,0.000,0.000,0.005,0.000,0.010,0.024,0.001,0.022,24.311,12.588,6.896,13.736,6.842,12.774,4.974,6.718,19.111,13.371,8.325,3.435,13.260,21.446,2.403,4.051,3.157,1.643,2.062,2.719,5.488,5.364,3.177,0.139
3199,0.277,0.5941,0.5073,429.217,0.3959,0.7058,0.000,0.025,0.021,0.010,0.010,0.018,0.021,0.001,0.029,0.000,0.022,0.006,0.002,0.009,0.000,0.040,0.000,0.000,0.008,0.000,0.009,0.027,0.019,0.000,10.809,6.591,3.060,6.111,4.724,10.629,3.252,4.442,12.530,10.623,6.519,1.486,8.162,14.962,7.163,24.535,32.407,20.053,7.333,39.000,62.090,63.629,45.355,23.752
3213,0.191,0.5862,0.4601,430.997,0.3949,0.7036,0.000,0.027,0.022,0.000,0.013,0.024,0.000,0.019,0.006,0.000,0.000,0.000,0.025,0.000,0.000,0.003,0.017,0.000,0.002,0.006,0.027,0.000,0.000,0.000,11.476,5.937,3.746,6.539,4.131,10.401,3.329,4.160,13.206,10.981,6.382,2.526,9.512,14.039,7.551,24.331,32.396,20.403,7.898,38.978,62.334,62.969,44.352,23.419
3231,0.169,0.6120,0.5074,426.890,0.3957,0.7052,0.000,0.022,0.000,0.000,0.004,0.032,0.000,0.009,0.044,0.000,0.000,0.000,0.000,0.000,0.000,0.000,0.005,0.000,0.000,0.008,0.040,0.000,0.000,0.004,10.712,6.050,3.638,6.269,5.147,9.528,3.397,4.164,12.623,10.824,6.124,2.500,9.210,14.219,7.412,23.897,32.280,20.084,6.721,38.969,62.133,62.062,45.422,23.504
3246,0.209,0.5631,0.5865,433.308,0.3957,0.7041,0.018,0.004,0.024,0.000,0.008,0.000,0.000,0.000,0.000,0.000,0.035,0.000,0.000,0.000,0.000,0.031,0.005,0.018,0.000,0.000,0.006,0.028,0.000,0.031,11.161,6.421,2.737,6.961,4.133,9.536,4.001,4.409,12.794,10.678,7.498,3.251,8.708,14.752,7.532,24.743,32.678,20.418,7.315,38.535,62.455,64.030,44.697,23.861
3266,0.322,0.5933,0.6092,424.337,0.3958,0.7089,0.007,0.000,0.000,0.000,0.004,0.005,0.019,0.005,0.004,0.012,0.027,0.034,0.040,0.000,0.006,0.022,0.022,0.020,0.029,0.043,0.000,0.004,0.009,0.011,10.314,5.420,3.118,5.406,4.047,9.319,3.469,4.370,12.722,10.504,6.438,2.432,8.747,14.242,7.845,24.859,31.661,20.679,7.192,37.790,62.249,62.652,45.220,23.642
3290,0.231,0.5654,0.5789,427.809,0.3949,0.7060,0.000,0.026,0.000,0.000,0.000,0.017,0.019,0.020,0.000,0.000,0.027,0.003,0.000,0.000,0.013,0.021,0.017,0.000,0.000,0.000,0.000,0.033,0.032,0.002,10.525,5.543,3.242,6.160,4.526,9.421,3.926,4.733,13.015,11.180,6.397,2.345,9.166,13.876,7.409,24.846,32.560,19.705,7.363,38.490,62.512,63.338,44.301,23.229
3301,0.207,0.5611,0.3696,348.959,0.3552,0.7558,0.034,0.049,0.000,0.006,0.001,0.000,0.000,0.022,0.003,0.033,0.028,0.000,0.000,0.012,0.007,0.000,0.001,0.000,0.000,0.000,0.000,0.000,0.011,0.000,2.413,1.889,1.465,1.621,2.059,7.291,2.043,1.861,6.761,7.463,4.439,2.476,4.293,6.817,11.491,24.893,22.252,10.660,2.849,58.745,75.174,53.741,26.429,9.832
3326,0.126,0.5622,0.4799,350.929,0.3563,0.7567,0.000,0.000,0.000,0.006,0.003,0.004,0.017,0.005,0.016,0.000,0.048,0.000,0.005,0.000,0.009,0.007,0.000,0.000,0.000,0.000,0.000,0.000,0.000,0.005,2.251,1.660,1.657,1.936,1.919,5.898,2.504,2.613,6.139,7.092,4.645,2.061,4.147,7.662,12.145,25.070,23.040,10.175,3.217,59.118,75.747,53.113,26.359,10.763
3340,124.720,0.5899,0.2500,348.559,0.3564,0.7543,26.122,39.438,5.493,22.859,5.302,4.106,2.341,2.749,3.579,3.301,1.654,0.372,1.549,3.735,0.825,0.000,0.000,0.000,0.235,0.209,0.256,0.193,0.403,0.000,2.881,1.763,1.593,1.543,2.657,7.045,2.152,2.248,6.549,8.109,4.082,1.464,4.812,6.778,11.185,24.456,21.876,10.464,3.656,58.545,74.505,53.815,26.414,9.967
3358,125.572,0.5919,0.2573,346.302,0.3559,0.7597,25.373,39.921,5.403,22.511,5.061,3.543,3.368,1.304,3.230,3.412,2.885,0.863,2.146,3.437,0.305,0.000,0.180,0.000,0.934,0.000,0.534,0.000,0.435,0.730,1.818,1.407,1.632,1.923,2.105,5.871,2.869,1.196,6.482,6.780,4.799,2.187,3.591,6.761,11.321,24.932,22.519,10.642,2.969,58.937,74.659,54.047,26.444,10.411
3371,124.582,0.5864,0.2526,346.336,0.3563,0.7568,25.940,39.593,5.310,23.315,5.265,2.870,3.287,1.898,2.570,3.910,2.435,0.000,1.792,2.936,0.945,0.838,0.046,0.560,0.530,0.000,0.000,0.541,0.000,0.000,2.635,2.213,1.345,1.117,1.789,6.022,2.471,2.535,5.895,7.206,4.163,1.611,5.685,7.248,11.242,25.046,22.896,9.563,2.582,58.327,74.819,53.620,25.918,10.388
3390,199.175,0.6160,0.4225,348.994,0.3563,0.7565,13.998,22.683,6.049,13.442,6.566,13.635,5.256,6.945,19.536,14.803,8.612,3.576,11.815,21.706,3.008,3.408,3.315,2.267,2.421,1.686,4.921,6.039,2.744,0.745,2.460,2.621,1.157,1.406,2.207,6.295,2.529,2.369,6.001,7.382,4.220,1.995,4.197,7.351,11.434,24.756,22.571,10.820,2.169,59.166,74.954,53.961,26.287,10.686
3405,194.573,0.6181,0.4215,0.212,0.3813,0.5705,13.727,22.415,5.916,13.080,6.311,13.307,5.013,6.871,19.977,14.283,8.575,2.831,11.400,21.712,2.452,2.519,3.056,1.660,3.130,2.911,5.536,4.282,3.171,0.437,0.000,0.000,0.010,0.005,0.018,0.000,0.000,0.022,0.002,0.031,0.000,0.003,0.007,0.013,0.000,0.032,0.007,0.010,0.013,0.030,0.000,0.000,0.001,0.009
3420,200.240,0.6180,0.4262,0.087,0.3945,0.5197,14.140,23.354,5.866,13.555,5.894,13.557,5.244,6.851,19.731,13.810,8.776,3.327,11.438,21.868,2.169,3.601,3.812,2.983,2.249,2.647,5.065,5.622,3.199,1.483,0.000,0.004,0.003,0.000,0.000,0.000,0.000,0.007,0.000,0.007,0.000,0.008,0.034,0.000,0.000,0.023,0.000,0.000,0.000,0.000,0.001,0.000,0.000,0.000
3433,200.148,0.6133,0.4261,0.136,0.3940,0.5159,15.398,22.625,6.281,13.435,6.466,12.704,4.860,6.660,19.094,14.170,9.028,3.466,12.357,21.085,2.643,4.044,2.611,2.174,1.949,3.182,5.633,5.692,3.757,0.832,0.022,0.000,0.004,0.000,0.024,0.000,0.006,0.009,0.002,0.004,0.000,0.003,0.000,0.000,0.023,0.000,0.000,0.000,0.000,0.010,0.000,0.000,0.000,0.029
3458,198.388,0.6205,0.4167,0.189,0.3809,0.5456,15.134,22.790,5.559,14.064,6.457,12.519,5.554,7.724,20.322,14.128,9.231,2.798,11.844,22.291,1.572,2.938,3.194,1.698,3.023,2.323,5.197,5.370,2.660,0.000,0.000,0.006,0.000,0.009,0.016,0.018,0.008,0.006,0.023,0.027,0.000,0.000,0.000,0.000,0.000,0.000,0.026,0.000,0.000,0.000,0.033,0.000,0.008,0.009
3474,433.627,0.5898,0.7030,0.200,0.3836,0.5778,7.261,9.932,4.404,6.605,4.035,10.112,4.131,4.261,13.658,10.755,7.201,2.705,8.986,14.250,8.386,25.133,31.924,19.192,6.748,35.260,58.797,63.979,48.628,27.283,0.030,0.000,0.000,0.000,0.010,0.018,0.000,0.000,0.000,0.002,0.008,0.021,0.026,0.000,0.001,0.000,0.000,0.001,0.000,0.013,0.013,0.040,0.000,0.017
3489,427.872,0.5907,0.7072,0.181,0.3905,0.5603,6.456,10.412,3.340,6.232,4.169,10.299,3.355,4.503,12.499,10.141,6.796,1.769,7.602,14.354,8.018,24.825,32.772,19.064,7.613,35.335,58.880,63.828,48.374,27.238,0.000,0.010,0.013,0.011,0.000,0.000,0.021,0.000,0.016,0.000,0.006,0.019,0.000,0.000,0.000,0.000,0.034,0.000,0.000,0.000,0.018,0.032,0.000,0.000
3504,431.624,0.5908,0.7058,0.276,0.3823,0.5696,6.866,10.965,2.536,6.307,3.319,9.873,3.719,4.725,13.629,10.950,6.968,2.293,8.685,14.134,7.560,26.072,32.270,19.398,7.068,35.743,58.843,63.723,48.998,26.978,0.000,0.016,0.000,0.018,0.020,0.030,0.000,0.000,0.000,0.014,0.023,0.000,0.000,0.020,0.007,0.046,0.007,0.004,0.000,0.000,0.028,0.000,0.000,0.043
3525,429.812,0.5906,0.7056,0.246,0.4300,0.5839,6.393,10.349,3.081,6.500,3.992,9.298,3.696,5.211,13.507,10.570,6.687,2.342,8.266,14.511,8.685,25.737,32.523,19.232,6.513,35.168,59.114,63.438,48.076,26.923,0.000,0.028,0.000,0.010,0.014,0.000,0.000,0.000,0.019,0.020,0.000,0.000,0.022,0.000,0.023,0.000,0.000,0.000,0.036,0.022,0.009,0.037,0.007,0.000
3544,430.205,0.5915,0.7047,0.054,0.4395,0.5258,6.679,10.787,3.240,5.832,4.385,9.423,3.712,5.146,13.280,10.791,6.736,2.576,8.161,14.733,8.665,25.172,31.214,19.449,7.465,34.910,58.813,63.872,48.136,27.027,0.000,0.000,0.000,0.000,0.000,0.000,0.000,0.015,0.013,0.001,0.000,0.000,0.000,0.000,0.009,0.001,0.004,0.009,0.000,0.000,0.000,0.000,0.000,0.001
3567,425.327,0.5902,0.7088,0.138,0.3665,0.5630,6.533,9.532,3.521,5.546,3.580,9.573,3.623,5.123,12.907,10.626,6.761,1.949,7.733,14.426,7.816,25.142,31.936,18.979,6.226,35.048,58.998,63.542,48.189,28.019,0.023,0.000,0.006,0.000,0.007,0.000,0.015,0.007,0.000,0.000,0.000,0.000,0.000,0.000,0.007,0.016,0.012,0.000,0.000,0.007,0.003,0.000,0.034,0.000
3579,345.588,0.5446,0.7590,0.146,0.4111,0.5412,1.120,2.354,1.400,1.762,1.796,6.112,2.248,2.545,5.921,7.466,4.753,1.823,4.128,6.988,12.104,24.976,22.355,9.412,2.674,60.056,72.888,51.516,27.298,11.895,0.018,0.031,0.002,0.000,0.000,0.000,0.000,0.000,0.000,0.000,0.000,0.001,0.000,0.012,0.017,0.000,0.006,0.014,0.000,0.014,0.011,0.000,0.020,0.000
3602,348.053,0.5455,0.7555,0.222,0.4210,0.4232,2.326,3.326,1.345,1.948,1.992,6.751,2.162,2.557,7.002,7.394,3.585,0.682,4.179,6.951,12.158,24.826,21.985,8.881,2.636,60.643,72.319,52.035,28.390,11.980,0.000,0.004,0.047,0.000,0.034,0.000,0.008,0.035,0.000,0.000,0.000,0.037,0.020,0.001,0.000,0.000,0.000,0.027,0.000,0.005,0.000,0.005,0.000,0.000
3617,346.484,0.5456,0.7585,123.874,0.3933,0.2466,0.745,2.694,1.889,1.331,1.894,6.590,2.142,2.319,6.257,6.917,4.446,0.992,4.849,7.631,11.880,26.048,22.314,9.525,2.142,60.155,72.247,51.636,27.773,12.068,43.886,21.441,6.265,22.873,4.622,3.871,2.420,2.256,4.254,3.186,2.073,0.573,1.680,3.227,0.155,0.000,0.000,0.266,0.329,0.498,0.000,0.000,0.000,0.000
3628,348.228,0.5471,0.7579,124.022,0.3929,0.2469,0.857,2.716,1.236,1.474,1.948,6.620,2.122,2.234,6.332,7.824,4.457,1.469,4.704,7.779,12.330,24.770,21.879,9.768,3.534,60.330,72.238,51.125,28.010,12.472,43.639,22.215,6.384,22.152,4.048,3.381,2.769,2.861,3.960,3.504,1.707,0.121,2.522,3.477,0.811,0.306,0.163,0.000,0.000,0.000,0.000,0.000,0.000,0.000
3642,348.527,0.5448,0.7565,126.963,0.3967,0.2522,0.731,3.581,2.280,2.415,1.171,6.924,2.162,2.023,6.190,7.387,5.014,1.108,4.584,6.735,11.840,25.471,21.853,9.530,2.405,60.142,72.119,51.533,28.893,12.436,44.343,22.115,6.202,22.950,4.543,3.412,2.510,2.923,3.024,3.630,1.353,1.230,1.972,4.071,0.000,0.250,0.777,0.876,0.702,0.000,0.000,0.000,0.079,0.000
3656,346.339,0.5446,0.7608,123.496,0.3939,0.2546,1.241,2.632,1.695,1.325,0.706,6.981,1.784,2.462,6.095,7.247,4.659,2.004,3.631,7.520,10.797,24.962,22.661,9.151,2.390,61.194,72.804,51.886,28.130,12.380,43.471,21.494,6.207,22.240,3.868,3.140,2.378,2.755,3.590,3.183,1.773,0.641,2.384,3.649,0.502,0.000,0.000,0.443,0.000,0.018,0.900,0.860,0.000,0.000
3674,350.425,0.5470,0.7552,198.359,0.4095,0.4172,1.181,3.570,1.770,2.155,2.031,5.735,2.073,1.969,6.465,7.266,5.075,1.459,5.061,7.534,12.312,25.289,22.040,9.882,2.843,60.718,72.162,51.494,27.890,12.453,25.140,12.594,5.526,13.982,7.032,12.930,5.014,7.474,19.264,14.321,9.028,3.352,12.961,21.280,2.214,3.683,2.656,2.373,2.595,3.050,5.215,4.185,2.119,0.371
3693,0.132,0.5836,0.5516,199.703,0.4107,0.4228,0.000,0.012,0.009,0.000,0.000,0.000,0.023,0.000,0.019,0.000,0.011,0.000,0.000,0.000,0.000,0.019,0.000,0.000,0.000,0.000,0.000,0.040,0.000,0.000,25.087,12.799,5.772,13.553,7.188,12.388,5.737,6.912,18.985,14.604,8.377,2.886,12.595,21.346,2.116,3.089,2.803,3.416,2.819,3.280,5.851,5.121,2.465,0.514
3712,0.186,0.5795,0.6739,200.649,0.4107,0.4260,0.000,0.006,0.000,0.000,0.014,0.000,0.004,0.000,0.005,0.029,0.001,0.000,0.000,0.000,0.000,0.010,0.021,0.000,0.009,0.019,0.003,0.031,0.026,0.007,23.815,12.516,5.552,13.611,8.005,12.981,4.903,6.336,20.023,14.849,8.858,2.850,12.313,21.495,2.394,3.161,4.170,2.775,2.582,3.186,6.125,4.855,2.963,0.333
3736,0.223,0.5604,0.6412,200.319,0.4099,0.4195,0.000,0.000,0.038,0.000,0.011,0.000,0.000,0.000,0.000,0.008,0.019,0.017,0.000,0.000,0.001,0.001,0.000,0.011,0.006,0.038,0.009,0.015,0.017,0.033,24.647,13.328,6.404,14.037,8.332,12.427,5.194,6.713,19.542,14.122,8.406,2.762,12.424,21.504,2.309,3.930,2.998,1.988,1.845,3.664,5.835,5.192,2.224,0.491
